Number,GivenName,Birthday,Gender,State
1,Raissa,11/20/1971,female,RJ
2,Isabelle,3/10/1990,female,SC
3,Carla,10/29/1974,female,AM
4,Laura,4/15/1935,female,SP
5,Thaís,7/9/1991,female,BA
6,Gabrielly,4/20/1943,female,SP
7,Otávio,5/12/1980,male,SP
8,Joao,4/21/1980,male,SP
9,Vitória,7/5/1976,female,DF
10,Matheus,1/5/1944,male,SP
11,Gabrielle,8/15/1979,female,SC
12,André,10/21/1946,male,SC
13,Laura,10/5/1981,female,SP
14,Brenda,10/5/1947,female,SP
15,Caio,6/11/1966,male,PE
16,Ágatha,5/2/1963,female,PE
17,Maria,5/22/1948,female,SC
18,Miguel,8/10/1978,male,SP
19,Kauê,8/5/1960,male,SP
20,Emily,2/9/1935,female,SP
21,Kauê,1/11/1940,male,RS
22,Julieta,12/22/1933,female,MG
23,José,5/9/1984,male,SP
24,Evelyn,4/17/1937,female,RJ
25,Joao,7/25/1959,male,GO
26,Danilo,3/19/1990,male,SP
27,Mateus,1/4/1992,male,PB
28,Beatriz,11/22/1963,female,SP
29,Luiz,5/25/1939,male,SP
30,Danilo,8/7/1939,male,RJ
31,Luiza,11/14/1968,female,MG
32,Brenda,6/14/1976,female,SC
33,Livia,4/10/1996,female,RS
34,Leonardo,7/13/1970,male,SP
35,Melissa,6/25/1961,female,RS
36,Caio,1/24/1934,male,SP
37,Larissa,6/12/1977,female,SP
38,Isabelle,8/22/1980,female,DF
39,Cauã,2/3/1935,male,RN
40,Julian,8/10/1936,male,PB
41,Leila,11/10/1968,female,ES
42,Marina,2/14/1990,female,PE
43,Gabrielle,9/15/1971,female,PR
44,Erick,3/15/1947,male,PE
45,Igor,3/5/1991,male,SP
46,Arthur,9/12/1996,male,SP
47,Tomás,11/11/1985,male,SP
48,Júlio,3/23/1968,male,PE
49,Mariana,8/18/1966,female,RJ
50,Aline,7/23/1954,female,SP
51,Julian,12/10/1958,male,DF
52,Clara,8/23/1990,female,RJ
53,Bruna,10/10/1963,female,SP
54,Ana,4/30/1953,female,SP
55,Rodrigo,11/25/1951,male,PR
56,Victor,8/31/1963,male,SP
57,Kauan,2/22/1948,male,PR
58,Kauê,11/28/1958,male,PR
59,Martim,9/4/1976,male,SP
60,Bruna,7/10/1998,female,DF
61,Rafaela,7/10/1970,female,SP
62,Thiago,3/15/1940,male,GO
63,Luiz,9/1/1951,male,SP
64,Leonardo,3/28/1996,male,SP
65,Diogo,4/16/1986,male,GO
66,Breno,3/12/1936,male,SP
67,Otávio,4/7/1989,male,PR
68,Luan,4/8/1992,male,RN
69,Giovanna,10/11/1999,female,PE
70,Gabriela,6/12/1992,female,SP
71,Daniel,10/14/1992,male,SC
72,Júlio,3/1/1959,male,SP
73,Júlia,10/13/1937,female,GO
74,Mariana,5/16/1960,female,BA
75,Clara,6/4/1970,female,SP
76,Isabelle,11/27/1934,female,DF
77,Mateus,7/2/1989,male,SP
78,Sophia,3/16/1953,female,BA
79,Kaua,10/10/1990,male,SP
80,Diego,1/27/1979,male,SP
81,Diego,7/10/1962,male,RJ
82,Diogo,5/20/1938,male,ES
83,Carlos,7/15/1980,male,MG
84,Beatrice,1/22/1954,female,SP
85,Rafaela,1/9/1994,female,PA
86,Alex,10/1/1987,male,PR
87,Guilherme,3/1/1938,male,MG
88,Vitor,2/16/1993,male,SP
89,Renan,4/21/1969,male,MG
90,Gabriela,5/3/1963,female,SP
91,Gustavo,10/24/1978,male,MG
92,Júlia,9/24/1975,female,AC
93,Júlio,6/17/1934,male,MG
94,Sofia,10/19/1972,female,SP
95,Nicolas,10/27/1944,male,SP
96,Anna,4/12/1954,female,PE
97,Victor,7/7/1976,male,SC
98,Martim,7/12/1953,male,SP
99,Diogo,11/28/1933,male,RJ
100,Sarah,8/5/1966,female,RS
101,Estevan,5/29/1977,male,CE
102,Davi,7/12/1985,male,SP
103,Igor,7/8/1981,male,SC
104,Emilly,1/4/1994,female,PE
105,Evelyn,2/2/1999,female,RJ
106,Arthur,10/25/1992,male,RS
107,Letícia,4/10/1983,female,RO
108,Marina,12/24/1995,female,SP
109,Júlio,8/4/1966,male,SP
110,Evelyn,8/2/1962,female,RJ
111,Raissa,10/28/1980,female,CE
112,André,11/6/1959,male,RS
113,Joao,11/9/1934,male,MT
114,Davi,1/22/1964,male,SP
115,Tiago,8/24/1948,male,SP
116,Murilo,2/27/1982,male,MT
117,Kauê,6/21/1984,male,SP
118,Kaua,5/30/1942,male,PR
119,Eduardo,11/16/1970,male,DF
120,Giovana,9/17/1956,female,DF
121,Vinícius,7/25/1956,male,SC
122,Thaís,1/20/1973,female,CE
123,Tomás,5/18/1945,male,RJ
124,Isabela,7/7/1959,female,MG
125,Emily,12/31/1958,female,GO
126,Alex,11/25/1997,male,MG
127,Beatrice,7/19/1952,female,MG
128,Paulo,10/27/1959,male,RS
129,Luan,6/25/1942,male,CE
130,Laura,12/2/1960,female,SP
131,André,4/24/1977,male,MG
132,Eduarda,6/27/1987,female,SP
133,Carolina,4/2/1935,female,SP
134,João,8/21/1987,male,MS
135,Rebeca,1/20/1989,female,PR
136,Carla,1/23/1961,female,MG
137,Melissa,12/21/1984,female,MG
138,Diogo,7/8/1983,male,RJ
139,Arthur,2/9/1943,male,SP
140,Giovana,9/14/1990,female,CE
141,Beatriz,4/21/1967,female,PR
142,Eduardo,9/19/1978,male,PE
143,Vitor,4/27/1985,male,RJ
144,Kauan,12/2/1980,male,PR
145,Gustavo,7/12/1946,male,MS
146,Giovanna,1/5/1965,female,RN
147,Tânia,1/23/1982,female,PA
148,Luiza,2/8/1981,female,MG
149,Matilde,5/8/1984,female,MA
150,Carlos,8/18/1992,male,ES
151,Vitor,6/18/1973,male,SP
152,Paulo,10/12/1993,male,GO
153,Evelyn,5/21/1945,female,AM
154,Rafael,7/17/1985,male,SP
155,Martim,3/22/1937,male,SP
156,Clara,10/17/1934,female,PB
157,Laura,8/17/1974,female,MG
158,Luis,1/9/1991,male,PB
159,Raissa,10/12/1954,female,SP
160,Kauan,6/10/1939,male,RS
161,Marisa,8/12/1973,female,MG
162,Amanda,11/28/1946,female,PB
163,Tânia,5/31/1965,female,PE
164,Paulo,6/28/1956,male,MS
165,Giovanna,11/5/1967,female,PR
166,Bruno,12/6/1954,male,MS
167,Gabriela,12/23/1963,female,SP
168,Sophia,10/29/1949,female,PR
169,Marcos,11/4/1984,male,RJ
170,Clara,1/13/1998,female,RS
171,Gabriela,2/27/1988,female,CE
172,Carolina,3/1/1962,female,RN
173,Eduardo,4/30/1950,male,AM
174,Mariana,7/20/1936,female,DF
175,Gabriel,10/4/1996,male,SP
176,Larissa,8/5/1994,female,RJ
177,Emilly,9/3/1936,female,RJ
178,Antônio,5/19/1965,male,SC
179,Camila,5/17/1974,female,SP
180,Davi,6/28/1996,male,PE
181,Clara,5/3/1979,female,RJ
182,Livia,11/9/1995,female,SP
183,Júlio,6/27/1980,male,PE
184,Caio,5/14/1956,male,MG
185,Nicolash,5/21/1982,male,MS
186,Kauê,10/17/1985,male,SP
187,Eduarda,8/12/1973,female,SP
188,Vitor,12/19/1944,male,PR
189,Nicole,10/1/1985,female,SP
190,Matilde,8/4/1975,female,PA
191,Sofia,12/2/1964,female,DF
192,Luís,7/4/1956,male,AM
193,Joao,1/5/1960,male,MG
194,Leonardo,4/17/1935,male,AL
195,Lavinia,11/4/1967,female,SP
196,Beatrice,1/17/1978,female,PR
197,Maria,8/13/1949,female,RO
198,Marina,1/27/1961,female,SP
199,Vinícius,4/11/1959,male,PE
200,Douglas,1/2/1952,male,PR
201,Kauan,12/10/1943,male,GO
202,Yasmin,4/29/1953,female,MG
203,Vitór,12/7/1971,male,DF
204,Gustavo,9/15/1976,male,SP
205,Thiago,11/13/1945,male,SP
206,Luiza,3/22/1978,female,RS
207,Carla,6/27/1988,female,PR
208,Gabriel,12/6/1944,male,RJ
209,Leila,8/26/1945,female,RJ
210,Leonardo,3/4/1978,male,DF
211,Nicolas,2/8/1991,male,RJ
212,Brenda,3/11/1947,female,DF
213,Antônio,9/9/1969,male,SP
214,Gustavo,7/22/1990,male,SP
215,Guilherme,1/21/1976,male,AL
216,Martim,12/8/1979,male,AC
217,Fernanda,5/6/1975,female,SP
218,Aline,6/23/1996,female,SP
219,Enzo,3/31/1974,male,RN
220,Maria,6/21/1937,female,PE
221,Emilly,7/8/1935,female,PA
222,Giovana,7/12/1936,female,SP
223,Estevan,8/10/1951,male,MT
224,Rafael,1/12/1944,male,RJ
225,Vinícius,4/12/1953,male,RS
226,Kai,10/4/1975,male,MG
227,Julieta,12/24/1958,female,MG
228,André,8/27/1975,male,MG
229,Eduardo,12/29/1934,male,RJ
230,Gabrielly,10/9/1951,female,MG
231,Douglas,1/10/1959,male,BA
232,Lavinia,11/19/1961,female,SP
233,Carlos,7/2/1971,male,RJ
234,Marina,7/8/1974,female,RJ
235,Murilo,8/23/1991,male,MG
236,Bianca,8/1/1970,female,GO
237,Emily,3/14/1990,female,SP
238,Miguel,11/28/1975,male,SP
239,Joao,12/3/1980,male,GO
240,Miguel,12/15/1960,male,SP
241,Kai,10/2/1994,male,SP
242,Ryan,11/2/1996,male,SP
243,Vinicius,6/5/1982,male,SP
244,Antônio,8/19/1979,male,BA
245,Ryan,7/18/1999,male,SP
246,Lavinia,10/23/1986,female,SC
247,Carlos,5/19/1960,male,PE
248,Diego,9/11/1937,male,PR
249,Raissa,12/1/1941,female,SP
250,Tânia,6/16/1976,female,CE
251,Arthur,9/15/1975,male,PR
252,Julian,7/2/1958,male,PE
253,Rafaela,9/25/1979,female,RN
254,Bruna,2/10/1936,female,PE
255,Leonardo,5/16/1938,male,PB
256,Emilly,12/24/1963,female,GO
257,Guilherme,9/25/1984,male,PR
258,Gabriela,10/1/1966,female,SP
259,Otávio,7/9/1940,male,SP
260,Martim,5/8/1934,male,MG
261,Martim,9/26/1952,male,PR
262,Melissa,7/20/1942,female,MG
263,Tomás,12/25/1980,male,RS
264,Arthur,3/27/1940,male,MT
265,Fábio,7/21/1968,male,SP
266,Ágatha,1/4/1955,female,SP
267,Alice,3/4/1988,female,MG
268,Ágatha,10/8/1962,female,RJ
269,Nicolas,2/21/1979,male,SP
270,Renan,3/17/1955,male,MG
271,Maria,9/22/1973,female,RJ
272,André,2/8/1968,male,SP
273,Kauan,12/25/1994,male,MG
274,Tiago,8/9/1938,male,PR
275,Julia,10/29/1962,female,SP
276,Thiago,6/11/1939,male,SP
277,Fernanda,5/15/1949,female,PE
278,Caio,5/14/1954,male,SP
279,Evelyn,1/11/1986,female,DF
280,Lara,1/29/1956,female,MG
281,Julia,3/23/1949,female,RS
282,Diogo,10/15/1935,male,PE
283,Estevan,3/6/1937,male,RN
284,Diogo,12/23/1978,male,BA
285,Lavinia,7/20/1948,female,PB
286,Nicolas,2/22/1984,male,PE
287,Nicole,9/16/1933,female,PA
288,Luiza,3/5/1977,female,MG
289,Caio,9/14/1939,male,SP
290,Marina,8/28/1974,female,SC
291,Carla,7/22/1968,female,PA
292,Martim,11/27/1936,male,MT
293,Tânia,12/14/1955,female,DF
294,Gabriela,12/6/1935,female,SP
295,Daniel,4/29/1975,male,PA
296,Diogo,10/26/1991,male,MT
297,Isabella,4/29/1957,female,PR
298,Luiza,12/18/1940,female,SP
299,Tomás,6/24/1995,male,PE
300,Ágatha,7/29/1976,female,PR
301,Rebeca,7/29/1934,female,PE
302,Samuel,4/18/1992,male,PR
303,Rebeca,1/9/1998,female,SP
304,Leonardo,5/21/1989,male,CE
305,Letícia,10/22/1990,female,SP
306,Miguel,6/20/1962,male,PB
307,Nicole,12/15/1947,female,DF
308,Gabrielly,9/27/1983,female,RN
309,Leonardo,6/20/1956,male,SP
310,Luis,4/20/1946,male,PR
311,Melissa,1/14/1950,female,SP
312,Júlia,7/20/1948,female,PR
313,Enzo,2/19/1959,male,SP
314,Emily,9/18/1991,female,DF
315,Beatriz,1/16/1985,female,SP
316,Luís,7/4/1989,male,AM
317,Beatriz,7/17/1992,female,MG
318,Enzo,9/10/1988,male,SC
319,Giovana,6/21/1999,female,MG
320,Julian,11/24/1989,male,SP
321,Gabriela,7/16/1948,female,SP
322,Rafaela,6/16/1966,female,SP
323,Bianca,5/11/1987,female,RJ
324,Renan,9/7/1986,male,SP
325,Douglas,8/27/1987,male,MS
326,Bianca,4/16/1959,female,PA
327,Emilly,2/22/1960,female,SP
328,Júlio,11/13/1940,male,AC
329,Giovanna,12/23/1945,female,BA
330,Diego,9/17/1983,male,RJ
331,Thaís,4/30/1984,female,RJ
332,Thiago,2/20/1979,male,MG
333,Sophia,10/16/1938,female,MG
334,Marina,1/8/1970,female,SP
335,Maria,6/12/1974,female,SP
336,Tânia,6/11/1985,female,SP
337,Breno,12/4/1941,male,PR
338,Bruna,4/24/1972,female,MG
339,André,1/25/1996,male,SC
340,Laura,7/21/1961,female,SP
341,Otávio,5/25/1946,male,MG
342,Estevan,3/25/1978,male,RS
343,Carlos,11/26/1963,male,RJ
344,Estevan,3/6/1983,male,ES
345,Bruna,11/13/1980,female,PA
346,Aline,9/5/1995,female,SP
347,Anna,12/16/1996,female,DF
348,Eduarda,11/25/1939,female,PR
349,Julieta,6/5/1963,female,MG
350,Gustavo,11/7/1994,male,SP
351,Luiz,6/27/1990,male,PA
352,Igor,5/21/1980,male,SP
353,Giovanna,3/21/1946,female,AP
354,Amanda,6/13/1998,female,PR
355,Ana,12/26/1995,female,MG
356,Martim,6/19/1970,male,SP
357,Renan,10/16/1968,male,GO
358,Luana,5/13/1989,female,SP
359,Douglas,11/19/1998,male,PR
360,Breno,8/31/1973,male,GO
361,Matilde,8/8/1940,female,SP
362,Antônio,11/4/1957,male,SP
363,Luiz,3/9/1972,male,SC
364,Gustavo,9/17/1996,male,RJ
365,José,11/1/1935,male,SP
366,Alice,10/6/1968,female,PR
367,Leonor,10/19/1960,female,RS
368,Alex,8/14/1995,male,MG
369,Rebeca,7/8/1934,female,SP
370,Otávio,8/15/1979,male,RN
371,Kauã,11/30/1982,male,MG
372,Letícia,2/18/1999,female,PE
373,Melissa,4/10/1944,female,GO
374,Matilde,10/21/1977,female,RS
375,Vinícius,2/9/1961,male,RJ
376,Beatrice,8/27/1940,female,SP
377,Joao,9/3/1991,male,DF
378,Pedro,1/18/1978,male,RJ
379,Leila,6/10/1953,female,SP
380,Larissa,11/30/1988,female,SP
381,Felipe,7/19/1942,male,SP
382,Beatrice,5/6/1957,female,RO
383,Amanda,3/5/1969,female,DF
384,Camila,12/20/1933,female,SP
385,Pedro,2/8/1994,male,SP
386,Marcos,6/29/1993,male,TO
387,Erick,7/9/1954,male,SP
388,Martim,7/20/1972,male,SP
389,Fábio,10/21/1941,male,SP
390,Danilo,4/3/1936,male,MG
391,Julia,9/21/1983,female,SP
392,Rafael,3/29/1974,male,SP
393,Carlos,7/28/1943,male,SP
394,Yasmin,2/10/1970,female,PA
395,Otávio,6/4/1976,male,SP
396,Laura,12/3/1941,female,RS
397,Matilde,10/29/1954,female,TO
398,Diogo,3/23/1967,male,DF
399,Emily,4/18/1972,female,BA
400,Luiz,2/19/1991,male,SP
401,Fernanda,2/9/1935,female,MG
402,Victor,7/30/1954,male,CE
403,Daniel,7/16/1934,male,RJ
404,Ágatha,1/11/1994,female,RJ
405,Fábio,11/2/1934,male,RS
406,Gabrielly,12/14/1937,female,MG
407,Nicolash,8/8/1995,male,RJ
408,Raissa,12/30/1988,female,PE
409,Isabelle,11/25/1958,female,MS
410,Paulo,11/14/1967,male,RJ
411,Mariana,11/8/1975,female,PE
412,Matilde,5/15/1958,female,SP
413,Emilly,8/6/1991,female,RJ
414,Tânia,4/3/1939,female,PE
415,Fábio,3/14/1953,male,SP
416,Guilherme,3/21/1947,male,GO
417,Leonardo,8/29/1983,male,SP
418,Arthur,7/4/1991,male,MG
419,Luana,2/21/1988,female,RS
420,Matilde,1/25/1972,female,ES
421,Eduarda,11/18/1988,female,SC
422,Lucas,10/15/1976,male,SP
423,Vinicius,9/29/1988,male,PR
424,Gabriela,5/26/1934,female,ES
425,Gustavo,11/2/1971,male,PE
426,Giovanna,6/20/1939,female,SP
427,Vitor,12/29/1950,male,RS
428,Breno,11/19/1950,male,MG
429,Lara,3/28/1946,female,CE
430,Kai,6/11/1956,male,DF
431,Breno,7/25/1950,male,SP
432,Lara,1/4/1967,female,PR
433,Diogo,10/23/1948,male,AL
434,Eduarda,6/5/1978,female,RS
435,Carla,7/8/1962,female,SP
436,Igor,12/20/1991,male,BA
437,André,12/24/1935,male,PA
438,Livia,1/14/1956,female,PE
439,Bruna,7/11/1974,female,RS
440,Emily,5/12/1971,female,ES
441,Isabela,2/23/1989,female,GO
442,Sophia,11/3/1974,female,RS
443,Leonor,12/26/1991,female,PR
444,Laura,2/11/1984,female,DF
445,Bianca,3/26/1977,female,SP
446,Vitór,2/22/1963,male,SP
447,Gabrielle,6/25/1977,female,PR
448,Daniel,4/30/1936,male,GO
449,Vinícius,2/22/1969,male,PR
450,Breno,6/20/1943,male,TO
451,Vitór,8/22/1958,male,RS
452,Bruna,8/23/1934,female,ES
453,Thiago,5/19/1947,male,RS
454,Pedro,7/18/1939,male,PE
455,Julieta,3/3/1998,female,MG
456,Otávio,12/12/1992,male,RJ
457,Beatriz,1/15/1980,female,MS
458,Murilo,10/23/1985,male,PE
459,Enzo,11/19/1973,male,GO
460,Julian,12/10/1954,male,RS
461,Laura,3/25/1996,female,RJ
462,Caio,12/8/1982,male,SE
463,Marisa,5/19/1948,female,AL
464,Vitoria,10/12/1936,female,SP
465,Igor,8/2/1979,male,MG
466,Julian,2/24/2000,male,MG
467,Bruna,3/24/1969,female,MG
468,Yasmin,5/6/1980,female,MG
469,Julieta,10/13/1976,female,MG
470,Samuel,8/3/1997,male,SP
471,Sophia,4/17/1993,female,RJ
472,Igor,5/23/1953,male,ES
473,Pedro,3/29/1995,male,PR
474,Gabriela,10/12/1951,female,SP
475,Ana,12/29/1991,female,SP
476,Rebeca,3/17/1992,female,MG
477,Bruna,1/6/1996,female,MG
478,Rebeca,6/1/1972,female,SP
479,Tomás,3/27/1947,male,SP
480,Gabrielle,2/17/1964,female,CE
481,Bianca,3/1/1989,female,SP
482,Clara,3/15/1975,female,SP
483,Mariana,7/16/1965,female,RJ
484,Sophia,1/2/1992,female,PR
485,Nicolas,10/11/1953,male,SP
486,Nicole,9/20/1941,female,RJ
487,Rafaela,2/9/1978,female,SP
488,Leila,6/8/1954,female,SP
489,Vinicius,11/5/1933,male,MG
490,Leonardo,1/14/1934,male,AM
491,Nicolas,10/15/1949,male,SP
492,Nicole,8/28/1992,female,SP
493,Marcos,10/3/1958,male,DF
494,Murilo,7/21/1980,male,GO
495,Eduardo,12/25/1985,male,RS
496,Lara,7/6/1967,female,SP
497,Rodrigo,7/23/1966,male,SP
498,Tomás,11/26/1983,male,SC
499,Tânia,1/17/1939,female,CE
500,Kauan,4/15/1959,male,MG
501,Luiza,12/18/1972,female,PE
502,Alice,4/24/2000,female,DF
503,Fernanda,3/8/1966,female,SP
504,José,5/21/1937,male,MG
505,Vitória,10/6/1942,female,SP
506,Diego,10/8/1962,male,MT
507,Marisa,11/17/1976,female,RN
508,Gabrielle,3/30/1956,female,RJ
509,Alice,10/6/1992,female,PA
510,Rodrigo,8/17/1954,male,RJ
511,Bianca,11/4/1967,female,MG
512,Julian,12/26/1948,male,MG
513,Murilo,1/2/1974,male,MG
514,Yasmin,9/1/1969,female,SP
515,Tiago,10/26/1964,male,PA
516,Paulo,4/29/1994,male,PR
517,Antônio,8/27/1967,male,CE
518,Carla,4/9/1957,female,PR
519,Samuel,1/20/2000,male,MG
520,Caio,11/20/1981,male,RJ
521,Murilo,7/17/1978,male,MG
522,Yasmin,5/1/1981,female,SP
523,Ryan,2/24/1952,male,SP
524,João,10/14/1944,male,GO
525,Matilde,10/30/1961,female,RN
526,Estevan,4/9/1977,male,RS
527,Gabriel,12/14/1967,male,RJ
528,Julia,5/3/1988,female,RO
529,Tomás,9/26/1988,male,RO
530,Emilly,12/12/1959,female,SP
531,Martim,12/14/1943,male,BA
532,Felipe,7/30/1944,male,SC
533,Maria,7/15/1936,female,PB
534,Joao,9/5/1968,male,MG
535,Tânia,2/14/1976,female,SP
536,Giovanna,11/12/1994,female,PA
537,Luiz,1/1/1953,male,SC
538,Vitor,12/14/1954,male,RJ
539,Raissa,11/15/1978,female,SP
540,Davi,1/8/1960,male,PE
541,Gustavo,1/1/1954,male,SP
542,Letícia,7/2/1938,female,MG
543,Vitór,5/29/1995,male,MG
544,Gustavo,11/22/1981,male,MG
545,Isabelle,7/10/1950,female,SP
546,Leila,6/26/1960,female,SP
547,Beatrice,7/12/1982,female,SP
548,Mateus,4/10/1977,male,MG
549,Sarah,4/25/1990,female,SP
550,Júlia,3/25/1938,female,MG
551,Vinicius,11/21/1941,male,RS
552,Davi,5/17/1991,male,MG
553,Vitor,6/21/1983,male,BA
554,Julian,12/11/1987,male,ES
555,Julian,1/8/1995,male,RJ
556,Kaua,2/9/1989,male,RS
557,Renan,5/5/1971,male,AL
558,Martim,7/9/1982,male,MG
559,Lucas,9/21/1993,male,RJ
560,Estevan,11/17/1967,male,SP
561,Clara,11/7/1996,female,RJ
562,Rodrigo,6/10/1987,male,SP
563,Carlos,1/3/1952,male,PE
564,Laura,1/7/1939,female,GO
565,José,6/22/1968,male,RJ
566,Eduardo,4/12/1963,male,ES
567,Evelyn,9/5/1940,female,RS
568,Renan,7/25/1979,male,DF
569,Alice,4/10/1971,female,MG
570,Mateus,2/13/1965,male,RS
571,Nicole,10/24/1986,female,SP
572,Thaís,10/4/1967,female,BA
573,Raissa,3/7/1953,female,SP
574,Gabrielly,12/29/1970,female,MG
575,Vinícius,10/25/1952,male,PE
576,Rodrigo,11/11/1987,male,CE
577,Vitór,12/15/1968,male,PE
578,Alice,8/31/1954,female,RJ
579,Nicolash,9/30/1989,male,BA
580,Gustavo,3/23/1994,male,SP
581,Melissa,9/9/1954,female,MT
582,Tânia,6/22/1994,female,BA
583,Daniel,8/3/1998,male,ES
584,Sofia,6/17/1998,female,PE
585,Camila,9/5/1992,female,PR
586,Fábio,1/19/1935,male,MG
587,Luan,11/11/1962,male,SP
588,Luan,4/6/1969,male,GO
589,Isabella,9/22/1965,female,DF
590,Douglas,7/4/1959,male,SP
591,Tiago,1/21/1981,male,PA
592,Diogo,4/4/1969,male,DF
593,Ana,4/27/1942,female,CE
594,Melissa,10/6/1948,female,SP
595,Leonardo,12/5/1962,male,RS
596,Erick,6/29/1944,male,MG
597,Caio,1/23/1941,male,GO
598,Laura,12/6/1991,female,SP
599,Julieta,3/31/1989,female,RS
600,Davi,5/28/1958,male,MG
601,Raissa,11/17/1956,female,MG
602,Kai,5/6/1935,male,RO
603,Marcos,12/7/1934,male,SP
604,Mariana,10/9/1956,female,PE
605,Raissa,3/28/1999,female,PR
606,Breno,2/7/1935,male,MG
607,Breno,10/27/1964,male,PR
608,Kauã,8/30/1997,male,PB
609,Pedro,12/7/1979,male,SP
610,Laura,6/15/1981,female,SP
611,Marcos,6/24/1998,male,SP
612,Livia,2/18/1944,female,SP
613,Carolina,11/27/1948,female,MG
614,Vitor,10/19/1961,male,SC
615,Luana,6/7/1959,female,DF
616,Rafael,10/28/1936,male,ES
617,Julia,5/8/1979,female,PE
618,Isabella,5/5/1969,female,SP
619,Diogo,10/28/1983,male,MG
620,Victor,10/1/1979,male,SP
621,Bianca,5/13/1960,female,SP
622,Anna,4/22/1936,female,MS
623,Carlos,4/22/1950,male,DF
624,Martim,1/2/1987,male,SP
625,Samuel,1/5/1996,male,MG
626,Vinicius,6/1/1985,male,RJ
627,Luiz,10/12/1996,male,PE
628,Diego,7/10/1976,male,SP
629,Sarah,8/26/1993,female,PR
630,Leila,1/21/1986,female,PE
631,Emilly,11/28/1967,female,SC
632,Luiz,4/21/1983,male,DF
633,Miguel,2/18/1945,male,TO
634,Vitor,8/12/1969,male,ES
635,Bruna,7/23/1961,female,MT
636,Luís,8/11/1940,male,SP
637,Marisa,3/27/1950,female,MG
638,Kaua,9/18/1962,male,PB
639,Evelyn,10/8/1962,female,SP
640,Sarah,3/11/1950,female,PE
641,Raissa,6/16/1943,female,RJ
642,Tânia,5/1/1997,female,RS
643,Gabriel,8/21/1993,male,CE
644,Danilo,12/10/1995,male,PB
645,Evelyn,7/1/1944,female,SP
646,Júlio,8/1/1985,male,MS
647,Carolina,12/28/1945,female,GO
648,Laura,9/7/1940,female,BA
649,Nicole,4/29/1936,female,RS
650,Enzo,5/30/1961,male,SP
651,Nicolash,1/23/1996,male,SP
652,Victor,10/22/1949,male,SP
653,Evelyn,9/23/1991,female,PR
654,Carolina,4/2/1936,female,RJ
655,Leonor,5/25/1941,female,SP
656,Ryan,3/26/1942,male,SP
657,Sarah,11/9/1941,female,SP
658,Enzo,1/7/1980,male,SP
659,Ágatha,6/2/1933,female,AM
660,João,4/27/1961,male,PE
661,Kauan,9/2/1976,male,GO
662,Davi,1/2/2000,male,CE
663,Igor,6/24/1946,male,GO
664,Yasmin,7/10/1991,female,SP
665,Gustavo,8/23/1961,male,RJ
666,Clara,2/10/1989,female,ES
667,Aline,2/6/1962,female,AL
668,Mateus,12/2/1998,male,PR
669,Clara,7/7/1955,female,SP
670,Felipe,8/22/1965,male,SP
671,Rebeca,5/9/1991,female,CE
672,Enzo,11/25/1944,male,RS
673,Murilo,7/7/1939,male,GO
674,Rodrigo,12/5/1949,male,SP
675,Bruno,10/4/1944,male,MG
676,Matilde,9/22/1966,female,SP
677,Marina,12/14/1986,female,SP
678,Emilly,10/8/1970,female,BA
679,Erick,7/30/1978,male,PE
680,Leonor,8/2/1986,female,PR
681,Beatriz,12/28/1999,female,SP
682,Matilde,10/7/1974,female,MG
683,Emily,6/15/1964,female,DF
684,Luís,5/15/1970,male,SC
685,Clara,11/2/1957,female,SP
686,Carlos,8/22/1981,male,SP
687,Enzo,9/25/1970,male,SP
688,Julia,11/3/1980,female,RJ
689,Yasmin,7/4/1997,female,MG
690,Murilo,4/11/1952,male,MS
691,Estevan,9/16/1995,male,DF
692,Lara,9/5/1952,female,TO
693,Manuela,12/3/1976,female,SP
694,Yasmin,7/16/1936,female,SP
695,Lara,9/11/1997,female,GO
696,Beatriz,8/1/1950,female,SP
697,Luis,1/4/1936,male,SP
698,Nicolash,3/30/1965,male,MG
699,Sofia,6/2/1967,female,PB
700,Rafael,6/1/1990,male,RJ
701,Lavinia,11/6/1975,female,RS
702,Kauã,8/6/1967,male,SP
703,Vinicius,5/24/1949,male,RJ
704,Thiago,6/3/1955,male,RR
705,Miguel,6/15/1949,male,DF
706,Pedro,7/30/1970,male,RJ
707,Diego,1/26/1941,male,SP
708,Estevan,11/5/1980,male,PE
709,Ryan,4/5/1973,male,PA
710,Diego,12/15/1990,male,SC
711,Kai,8/30/1956,male,SP
712,Leonardo,10/23/1946,male,RS
713,Kai,4/22/1983,male,ES
714,Anna,9/14/1943,female,ES
715,Ana,8/25/1939,female,MG
716,Rafaela,12/29/1979,female,SP
717,Danilo,6/1/1981,male,SP
718,Rodrigo,11/19/1948,male,SP
719,Amanda,11/19/1956,female,SP
720,Maria,3/2/1998,female,DF
721,Carlos,11/14/1991,male,SC
722,Evelyn,8/24/1942,female,SP
723,Luís,2/23/1952,male,CE
724,Manuela,5/10/1987,female,SC
725,Gabriel,4/8/1940,male,SP
726,Mateus,8/14/1993,male,RJ
727,Lara,7/5/1984,female,SP
728,Emilly,10/12/1934,female,RS
729,Kauê,9/23/1986,male,SP
730,Nicolash,9/1/1943,male,SP
731,Pedro,8/14/1966,male,PR
732,Gabrielle,9/9/1948,female,DF
733,Rebeca,6/27/1968,female,ES
734,Kaua,3/31/1943,male,SC
735,Júlia,10/23/1938,female,RS
736,Sofia,10/28/1983,female,MG
737,Daniel,5/24/1934,male,SP
738,Julia,5/26/1971,female,RJ
739,Douglas,6/4/1983,male,ES
740,Júlio,1/7/1940,male,BA
741,Melissa,7/31/1940,female,AM
742,Diogo,9/13/1942,male,SP
743,Igor,12/18/1983,male,RS
744,Erick,4/2/1954,male,PE
745,Matheus,10/14/1957,male,PB
746,Giovana,2/7/1947,female,ES
747,Alice,11/7/1963,female,RJ
748,Bianca,4/24/1991,female,PR
749,Paulo,11/8/1998,male,RJ
750,Rafaela,12/3/1961,female,RJ
751,Laura,12/16/1965,female,MG
752,Rodrigo,3/2/1988,male,BA
753,Luan,11/14/1934,male,BA
754,Nicolas,4/18/1938,male,ES
755,Camila,7/26/1959,female,BA
756,Luan,7/28/1975,male,PR
757,Raissa,10/29/1968,female,SE
758,Joao,8/4/1958,male,BA
759,Letícia,9/16/1992,female,SP
760,Manuela,12/8/1963,female,SP
761,Enzo,8/22/1998,male,PI
762,Emilly,1/15/1942,female,CE
763,Maria,7/1/1977,female,MG
764,Maria,12/11/1946,female,SP
765,Marisa,6/29/1936,female,SC
766,Eduarda,3/25/1943,female,SP
767,Luiz,12/1/1982,male,RJ
768,Alex,12/14/1994,male,MS
769,Vitoria,3/11/1983,female,RJ
770,Júlia,7/24/1948,female,SC
771,Luis,2/20/1988,male,DF
772,Victor,12/29/1994,male,MG
773,Bianca,9/5/1980,female,AL
774,Kaua,9/22/1938,male,SP
775,Victor,5/1/1981,male,PE
776,Igor,2/4/1949,male,GO
777,Julia,6/7/1978,female,RS
778,Vitoria,11/21/1966,female,SP
779,Marcos,5/31/1964,male,MG
780,Diego,11/17/1979,male,SP
781,Laura,11/10/1978,female,SP
782,Luiza,2/6/1978,female,SP
783,Diogo,1/15/1985,male,SP
784,Antônio,2/11/1987,male,SP
785,Ágatha,2/28/1974,female,CE
786,Letícia,11/19/1969,female,PE
787,Maria,10/21/1962,female,RJ
788,Miguel,10/25/1946,male,TO
789,Enzo,8/5/1987,male,SP
790,Thaís,7/21/1941,female,SP
791,Alice,1/7/1942,female,RJ
792,Lucas,6/12/1955,male,AL
793,Julieta,9/29/1981,female,MS
794,Guilherme,2/9/1989,male,PI
795,Vitor,4/19/1946,male,SP
796,Julia,7/12/1959,female,SP
797,Maria,1/9/1973,female,RJ
798,Júlio,9/18/1948,male,MG
799,Vitór,6/2/1951,male,SP
800,Amanda,11/21/1941,female,SP
801,Rafaela,12/27/1983,female,RS
802,Bianca,1/27/1955,female,RN
803,Samuel,2/24/1995,male,CE
804,Brenda,11/29/1963,female,AL
805,André,8/7/1966,male,SP
806,Rodrigo,10/1/1976,male,SP
807,Luís,10/11/1959,male,MT
808,Rafael,3/12/1976,male,RJ
809,Antônio,10/19/1934,male,SP
810,Mariana,12/26/1935,female,MG
811,Alice,3/26/1948,female,MG
812,Leonor,12/13/1984,female,SC
813,Leonardo,2/6/1979,male,CE
814,Isabela,6/5/1996,female,BA
815,Rafaela,1/7/1974,female,BA
816,Pedro,4/2/1940,male,RJ
817,Gabriel,11/3/1979,male,SP
818,Rafaela,1/2/1973,female,MG
819,Gabrielle,6/30/1987,female,SP
820,Breno,7/26/1969,male,RJ
821,Luan,9/19/1952,male,SP
822,Ryan,11/6/1994,male,RJ
823,Thaís,7/16/1934,female,RJ
824,Gabriel,2/7/1948,male,PE
825,Ryan,11/21/1968,male,SP
826,Vinícius,7/30/1983,male,RS
827,Lara,5/27/1971,female,PE
828,Maria,3/18/1934,female,SP
829,Alex,2/27/2000,male,BA
830,Vitória,10/7/1939,female,GO
831,Carolina,10/9/1987,female,GO
832,Alice,12/24/1980,female,MG
833,Ágatha,5/5/1996,female,SP
834,Carla,3/24/1934,female,SP
835,Mariana,7/7/1985,female,BA
836,Murilo,1/14/1962,male,MG
837,Bruna,5/16/1947,female,SP
838,Guilherme,1/9/1972,male,SC
839,Victor,1/28/1977,male,CE
840,Eduarda,10/29/1994,female,SP
841,Luana,7/3/1942,female,TO
842,Miguel,1/19/1969,male,DF
843,Kauã,6/4/1999,male,RJ
844,Cauã,8/27/1951,male,MG
845,Marisa,6/17/1937,female,SP
846,Renan,4/10/1943,male,SP
847,Marina,12/20/1968,female,SP
848,Clara,12/13/1947,female,RS
849,Luana,7/1/1944,female,SP
850,Giovanna,6/16/1950,female,MG
851,Maria,2/11/1937,female,RS
852,Livia,11/19/1969,female,CE
853,Estevan,1/15/1974,male,SP
854,Marina,9/20/1963,female,MA
855,Kai,11/30/1996,male,PE
856,Enzo,11/27/1999,male,SP
857,Beatriz,12/1/1985,female,RJ
858,Breno,6/21/1969,male,SP
859,Thiago,10/11/1978,male,SP
860,Matilde,7/21/1985,female,PR
861,Paulo,10/19/1993,male,SP
862,Vitor,1/27/1956,male,MG
863,Julia,5/6/1945,female,MG
864,Thaís,9/9/1935,female,GO
865,Gustavo,3/13/1969,male,DF
866,Marisa,11/28/1991,female,RN
867,Emilly,10/18/1975,female,PR
868,Beatriz,6/6/1971,female,GO
869,Carla,8/7/1981,female,PR
870,Vitor,5/10/1966,male,MG
871,Brenda,3/13/1951,female,RJ
872,Vitoria,3/16/1938,female,DF
873,Luiz,6/20/1995,male,SP
874,Raissa,11/18/1981,female,MG
875,Rafaela,12/13/1977,female,GO
876,Kai,5/5/1966,male,PA
877,Alex,5/4/1945,male,PR
878,Julia,5/3/1985,female,GO
879,Sofia,4/28/1980,female,MS
880,Murilo,10/20/1985,male,SP
881,Carolina,6/29/1944,female,SP
882,Vitória,9/28/1968,female,PA
883,Sofia,3/22/1971,female,SP
884,Nicolash,4/4/1959,male,SP
885,Fernanda,8/4/1946,female,AM
886,Camila,11/4/1948,female,GO
887,Diogo,10/30/1948,male,RJ
888,Anna,10/9/1981,female,SP
889,Sophia,10/25/1994,female,SP
890,Thaís,2/16/1963,female,RJ
891,Martim,3/1/1962,male,BA
892,Carla,12/1/1950,female,RJ
893,Rodrigo,10/11/1936,male,SP
894,Thiago,1/13/1991,male,SP
895,Vitória,1/27/1968,female,RJ
896,Estevan,8/26/1989,male,RJ
897,Isabela,1/5/1937,female,RJ
898,Camila,7/17/1948,female,SP
899,Vitor,12/15/1934,male,SP
900,Miguel,1/12/1956,male,RJ
901,Sofia,7/9/1942,female,SP
902,Joao,5/3/1956,male,RJ
903,Cauã,6/10/1998,male,SP
904,Sofia,10/19/1953,female,SP
905,Marina,1/23/1955,female,SP
906,Emily,7/2/1939,female,RJ
907,Beatriz,3/31/1978,female,PI
908,Carlos,5/15/1952,male,PE
909,Pedro,3/1/1972,male,BA
910,José,8/14/1946,male,MG
911,Sophia,8/11/1951,female,RJ
912,Kauê,11/2/1950,male,SP
913,Vinícius,5/26/1983,male,PE
914,Miguel,7/5/1933,male,PR
915,Vitor,6/18/1937,male,SP
916,Danilo,10/25/1968,male,MG
917,Estevan,4/19/1961,male,DF
918,Ana,8/13/1972,female,PE
919,Lara,10/21/1940,female,PR
920,Lara,3/21/1970,female,MG
921,Júlia,5/18/1951,female,ES
922,Pedro,8/31/1962,male,MG
923,Otávio,6/2/1988,male,GO
924,Kauan,11/4/1992,male,DF
925,Joao,2/25/1955,male,RJ
926,Felipe,12/29/1934,male,PR
927,Paulo,5/16/1941,male,MA
928,Beatrice,9/16/1991,female,MG
929,Leila,10/11/1953,female,SP
930,Joao,6/25/1983,male,PB
931,Bruna,5/26/1964,female,MG
932,Ágatha,10/1/1970,female,MG
933,Mateus,8/20/1973,male,PE
934,Marisa,8/21/1943,female,GO
935,Isabelle,1/20/1948,female,SP
936,Miguel,3/27/1966,male,SP
937,Clara,10/24/1952,female,PI
938,Ágatha,6/1/1981,female,SP
939,Marcos,11/6/1954,male,SP
940,Vitór,1/7/1986,male,MG
941,Fábio,3/17/1972,male,PR
942,Carla,1/27/1954,female,GO
943,Fernanda,3/13/1999,female,SP
944,Júlio,7/27/1998,male,SP
945,Martim,6/14/1972,male,PE
946,Antônio,12/6/1953,male,PR
947,Marina,8/31/1938,female,SP
948,Yasmin,7/6/1969,female,DF
949,Larissa,2/5/1969,female,PR
950,Kauan,8/4/1981,male,SP
951,Aline,2/23/1994,female,DF
952,Samuel,9/9/1959,male,SC
953,Maria,10/23/1985,female,SP
954,Bruno,6/3/1978,male,SP
955,Clara,10/1/1953,female,SP
956,Rafaela,2/1/1991,female,SP
957,Nicolash,3/11/1940,male,GO
958,Felipe,4/7/1935,male,PR
959,Matilde,10/10/1950,female,SP
960,Estevan,12/12/1959,male,ES
961,José,11/23/1948,male,BA
962,Luiz,10/3/1965,male,SP
963,Vinícius,6/6/1943,male,GO
964,Martim,9/13/1989,male,RJ
965,Kaua,9/19/1990,male,PE
966,Rebeca,8/15/1984,female,GO
967,Luiz,4/5/1965,male,SP
968,Larissa,3/30/1975,female,MS
969,Eduarda,5/1/2000,female,SP
970,Luís,4/27/1938,male,SC
971,Thaís,7/24/1988,female,SP
972,Erick,6/28/1940,male,SP
973,Gabriel,11/3/1984,male,CE
974,Davi,1/29/1993,male,SP
975,Enzo,9/19/1952,male,RS
976,Leonardo,12/2/1940,male,SP
977,Giovanna,3/2/1950,female,SP
978,Paulo,1/6/1945,male,RJ
979,Otávio,9/30/1988,male,SC
980,Gabrielly,1/18/1985,female,PE
981,Raissa,9/13/1936,female,SP
982,Nicolash,11/10/1956,male,PE
983,Marina,5/25/1958,female,MG
984,Gabrielly,7/20/1993,female,PE
985,Vinicius,12/22/1982,male,BA
986,Rafaela,11/14/1934,female,MG
987,Kauan,7/31/1982,male,MG
988,Fernanda,1/7/1946,female,MG
989,Igor,7/30/1940,male,GO
990,Giovana,2/4/1949,female,MG
991,Vinícius,12/17/1983,male,SP
992,Fábio,5/5/1937,male,DF
993,Davi,5/18/1985,male,SP
994,Vitór,6/10/1933,male,SC
995,Rafael,3/18/1981,male,PR
996,Clara,12/26/1985,female,MG
997,Isabelle,1/21/1937,female,MG
998,Nicolas,10/13/1961,male,TO
999,Kauã,6/30/1946,male,PA
1000,Marina,9/6/1997,female,RS
1001,Vinícius,4/23/1938,male,PE
1002,Brenda,2/2/1988,female,GO
1003,Lavinia,3/4/1999,female,SP
1004,Rebeca,1/4/1969,female,RS
1005,Brenda,3/8/1996,female,MG
1006,Sophia,9/28/1948,female,SP
1007,Marcos,1/1/1988,male,PE
1008,José,2/8/1971,male,SP
1009,Carolina,11/14/1941,female,GO
1010,Igor,3/11/1985,male,BA
1011,Otávio,12/15/1948,male,RS
1012,Lara,4/4/1998,female,PA
1013,Guilherme,10/20/1940,male,CE
1014,Júlio,8/26/1991,male,SP
1015,Tiago,8/25/1933,male,AM
1016,Luís,5/5/1935,male,MG
1017,Nicolas,10/8/1977,male,SP
1018,Carlos,11/26/1989,male,BA
1019,Ana,4/1/1997,female,MT
1020,Melissa,11/23/1941,female,RJ
1021,Samuel,7/19/1935,male,RJ
1022,Vinicius,6/18/1980,male,MG
1023,Evelyn,12/2/1968,female,SP
1024,Emilly,7/21/1953,female,RS
1025,Giovanna,6/20/1994,female,SP
1026,Clara,9/8/1935,female,ES
1027,Victor,5/23/1950,male,SP
1028,Luís,10/31/1996,male,PR
1029,Manuela,3/28/1972,female,SP
1030,Vitoria,2/19/1972,female,PE
1031,Davi,11/8/1987,male,SP
1032,Marina,1/9/1939,female,PR
1033,Lucas,9/8/1934,male,SP
1034,Leila,2/27/1934,female,RN
1035,Alice,1/22/1944,female,RN
1036,Eduarda,4/4/1950,female,AL
1037,Davi,12/5/1999,male,CE
1038,Beatriz,7/18/1989,female,RS
1039,Cauã,3/9/1982,male,SP
1040,Luiza,9/20/1986,female,GO
1041,Clara,7/28/1966,female,SP
1042,Sofia,9/17/1950,female,ES
1043,Melissa,3/29/1951,female,CE
1044,Kai,3/23/1981,male,PR
1045,Rebeca,11/21/1981,female,RJ
1046,Ryan,6/20/1962,male,CE
1047,Kauan,8/1/1963,male,SP
1048,Matheus,12/24/1972,male,RJ
1049,Beatriz,2/22/1948,female,MA
1050,Beatrice,1/6/1936,female,SP
1051,Bianca,4/1/1937,female,BA
1052,Lucas,11/5/1970,male,SC
1053,Gabrielle,10/1/1954,female,SP
1054,Ágatha,5/6/1965,female,RJ
1055,Nicole,10/1/1999,female,SP
1056,Luiza,11/3/1951,female,RS
1057,Davi,10/31/1944,male,AC
1058,Carlos,1/21/1954,male,SP
1059,Rafael,1/11/1945,male,SP
1060,Letícia,8/27/1991,female,SP
1061,Fernanda,7/20/1989,female,SP
1062,Marisa,6/17/1966,female,SP
1063,Marisa,1/11/1937,female,SP
1064,José,11/30/1940,male,DF
1065,Letícia,4/27/1943,female,SP
1066,Isabela,11/22/1978,female,GO
1067,Isabela,3/9/1985,female,SP
1068,Fernanda,8/27/1995,female,RJ
1069,Brenda,1/14/1991,female,SC
1070,Gabrielle,11/30/1993,female,SP
1071,Eduarda,3/24/1960,female,RJ
1072,Lavinia,1/5/1988,female,GO
1073,Marina,3/29/1954,female,CE
1074,Melissa,2/3/1946,female,MT
1075,Victor,9/10/1959,male,SP
1076,Isabella,7/23/1974,female,DF
1077,Ágatha,10/11/1996,female,RJ
1078,Victor,8/6/1969,male,SP
1079,Renan,5/9/1997,male,SP
1080,Beatriz,10/9/1938,female,ES
1081,Murilo,3/31/1936,male,PE
1082,Larissa,3/13/1988,female,RJ
1083,Estevan,11/4/1934,male,CE
1084,Gabriela,7/31/1939,female,MG
1085,Murilo,5/10/1951,male,MG
1086,Vitór,10/18/1970,male,ES
1087,Bruno,3/12/1940,male,ES
1088,Lavinia,4/30/1990,female,SP
1089,Thaís,4/9/1978,female,BA
1090,Samuel,5/5/1970,male,GO
1091,Nicole,2/28/1964,female,PR
1092,Lucas,6/23/1950,male,PR
1093,Camila,8/20/1987,female,SP
1094,Estevan,1/17/1983,male,SP
1095,Thaís,9/24/1987,female,SP
1096,Breno,11/6/1961,male,AM
1097,Luís,9/26/1991,male,MG
1098,Nicolash,3/2/1942,male,GO
1099,Camila,9/26/1955,female,DF
1100,Felipe,10/8/1945,male,SP
1101,Nicolash,10/26/1956,male,MG
1102,Matheus,9/28/1966,male,PR
1103,Isabella,10/21/1978,female,RS
1104,Rodrigo,7/10/1955,male,MS
1105,Bianca,4/1/1943,female,SP
1106,Luan,2/14/1977,male,RJ
1107,Fernanda,5/14/1982,female,SP
1108,Lavinia,1/19/1990,female,PA
1109,Yasmin,8/30/1953,female,SP
1110,Danilo,1/13/1972,male,PB
1111,Gabriela,9/15/1953,female,MS
1112,Luiza,5/8/1981,female,RJ
1113,Antônio,12/22/1936,male,ES
1114,Brenda,10/17/1944,female,PR
1115,José,8/20/1999,male,PA
1116,Alice,3/2/1970,female,RJ
1117,Júlia,8/14/1959,female,SP
1118,Isabela,11/12/1934,female,RJ
1119,Joao,7/7/1936,male,RJ
1120,Julia,7/16/1937,female,MG
1121,Matheus,7/3/1945,male,MG
1122,Arthur,6/13/1936,male,PA
1123,Victor,12/17/1997,male,PE
1124,Arthur,11/29/1960,male,BA
1125,Isabelle,7/5/1959,female,SP
1126,Kai,12/25/1951,male,GO
1127,Giovana,3/30/1964,female,PR
1128,Samuel,9/26/1983,male,SP
1129,Brenda,11/30/1998,female,BA
1130,Joao,12/1/1979,male,RS
1131,Lavinia,2/10/1966,female,SP
1132,Nicolas,4/10/1935,male,DF
1133,Ana,8/13/1972,female,PE
1134,Matilde,12/26/1952,female,RJ
1135,Evelyn,2/23/1953,female,SC
1136,Gabriel,1/29/1989,male,MG
1137,Renan,8/25/1965,male,RJ
1138,Bruno,5/5/1970,male,SP
1139,Marisa,3/8/1956,female,SP
1140,Alice,5/14/1981,female,PR
1141,Rebeca,10/29/1999,female,SP
1142,Marisa,7/21/1985,female,MG
1143,Danilo,7/31/1935,male,RS
1144,Nicolash,10/19/1961,male,RJ
1145,Julieta,9/14/1985,female,RS
1146,Tiago,4/1/1973,male,SP
1147,Letícia,7/13/1976,female,MG
1148,Breno,12/17/1950,male,SC
1149,Júlia,9/6/1968,female,SP
1150,Leonor,7/11/1938,female,RR
1151,Samuel,6/30/1941,male,MG
1152,Danilo,9/2/1944,male,SP
1153,Sofia,12/16/1972,female,MG
1154,Lara,4/8/1986,female,SC
1155,Nicolash,8/6/1936,male,SC
1156,Leonor,6/26/1995,female,SC
1157,Vitória,7/15/1986,female,PB
1158,Larissa,7/16/1978,female,SP
1159,Evelyn,1/14/1949,female,BA
1160,Gabriel,3/17/1977,male,ES
1161,Laura,2/20/1994,female,PA
1162,Bruno,9/5/1988,male,SP
1163,Kauê,6/23/1973,male,MG
1164,Eduardo,7/29/1998,male,MG
1165,Sophia,4/19/1989,female,RN
1166,João,8/19/1993,male,SP
1167,Ana,9/14/1944,female,PE
1168,Vitór,8/12/1985,male,PA
1169,Arthur,10/23/1992,male,PA
1170,Luana,3/22/1979,female,SC
1171,Rafaela,3/29/1957,female,GO
1172,Bruna,4/13/1945,female,SP
1173,Tiago,1/29/1970,male,MG
1174,Luís,12/15/1940,male,PR
1175,Kai,6/23/1968,male,MG
1176,Bruna,8/14/1944,female,MS
1177,Vitor,2/22/1970,male,SP
1178,Isabelle,2/23/1946,female,SP
1179,Vitor,8/4/1989,male,SP
1180,Kai,4/21/1938,male,PE
1181,Thiago,7/20/1976,male,BA
1182,Murilo,1/15/1977,male,SP
1183,Lucas,2/10/1977,male,MT
1184,Gabriela,5/17/1981,female,RJ
1185,Bruno,9/20/1955,male,GO
1186,Rodrigo,6/8/1999,male,PE
1187,Mariana,2/5/1972,female,SP
1188,Igor,11/5/1979,male,SP
1189,Gustavo,3/20/1983,male,SP
1190,Luana,9/26/1935,female,SP
1191,Julia,4/27/1984,female,PE
1192,Vitoria,5/4/1945,female,RJ
1193,Gabrielly,12/30/1995,female,SP
1194,Leonardo,4/30/1991,male,RN
1195,Estevan,10/17/1942,male,PR
1196,Alex,1/20/1992,male,ES
1197,Rodrigo,12/16/1971,male,SC
1198,Julieta,9/20/1946,female,ES
1199,Matheus,7/28/1986,male,CE
1200,Isabella,2/22/2000,female,PE
1201,Ryan,3/15/1997,male,MG
1202,Giovana,12/7/1995,female,PR
1203,Vitór,2/8/1997,male,MT
1204,Kauan,12/10/1958,male,MT
1205,Enzo,6/7/1933,male,BA
1206,Vitor,7/5/1935,male,RJ
1207,Julian,11/4/1941,male,PE
1208,Paulo,3/1/1939,male,ES
1209,Alex,12/20/1965,male,RJ
1210,Rodrigo,9/27/1988,male,MT
1211,Marisa,12/9/1969,female,GO
1212,Isabela,11/28/1969,female,ES
1213,Erick,5/22/1936,male,SP
1214,Julian,4/14/1992,male,ES
1215,Tiago,6/29/1990,male,MG
1216,Alex,10/31/1949,male,RN
1217,Carla,3/11/1954,female,PE
1218,Beatrice,9/9/1998,female,GO
1219,Vitoria,6/20/1964,female,SP
1220,Julia,1/25/1963,female,PR
1221,Breno,9/11/1974,male,AM
1222,Sofia,8/18/1939,female,PR
1223,Gabrielle,2/18/1996,female,SC
1224,Otávio,2/11/1960,male,RJ
1225,Thiago,6/10/1960,male,SP
1226,Thaís,8/20/1969,female,RJ
1227,Kai,7/31/1992,male,CE
1228,Erick,9/9/1987,male,RJ
1229,Antônio,10/26/1944,male,SC
1230,Thaís,11/14/1935,female,PB
1231,Miguel,12/12/1933,male,RS
1232,Enzo,3/4/1961,male,PE
1233,Pedro,10/17/1998,male,RS
1234,Vinícius,5/9/1974,male,SP
1235,Anna,11/1/1941,female,MG
1236,Rebeca,9/25/1978,female,SP
1237,Anna,4/7/1945,female,RJ
1238,Estevan,11/5/1957,male,MG
1239,João,12/4/1989,male,MA
1240,Leonor,6/12/1935,female,RJ
1241,Sarah,12/19/1968,female,GO
1242,Kauan,6/2/1946,male,SP
1243,Aline,10/14/1954,female,MT
1244,Mateus,6/29/1961,male,SP
1245,Sarah,11/26/1990,female,PR
1246,Kauê,11/8/1960,male,SP
1247,José,8/20/1966,male,AL
1248,Leonardo,8/18/1976,male,PA
1249,Camila,3/15/1978,female,SP
1250,Martim,7/31/1969,male,PI
1251,Marcos,7/7/1999,male,RS
1252,Letícia,12/13/1982,female,PE
1253,Leila,9/4/1993,female,PE
1254,Raissa,3/31/1942,female,RJ
1255,João,1/8/1980,male,RS
1256,Breno,5/10/1992,male,SP
1257,Laura,5/18/1942,female,MG
1258,Júlio,5/31/1994,male,SP
1259,Fernanda,3/4/1980,female,RJ
1260,Leonor,3/22/1998,female,MG
1261,Julian,3/15/2000,male,MG
1262,Caio,10/4/1954,male,SC
1263,Luis,8/14/1994,male,SP
1264,Ryan,1/13/1963,male,MG
1265,José,7/28/1953,male,PE
1266,Camila,9/27/1941,female,GO
1267,Vinícius,6/9/1981,male,SP
1268,Matheus,4/26/1950,male,SP
1269,Sophia,10/16/1960,female,GO
1270,Kauan,10/3/1961,male,MS
1271,Matheus,6/23/1970,male,SP
1272,Raissa,10/7/1977,female,SC
1273,Isabela,7/13/1944,female,SE
1274,Ryan,9/6/1991,male,RJ
1275,Isabelle,11/7/1955,female,SP
1276,Leila,5/10/1974,female,PI
1277,Sophia,1/28/1982,female,SP
1278,Lavinia,11/20/1967,female,RJ
1279,Murilo,4/19/1944,male,SP
1280,Aline,8/29/1960,female,RJ
1281,Laura,6/18/1948,female,RJ
1282,Thiago,6/12/1940,male,RJ
1283,Miguel,5/20/1967,male,MS
1284,Vitoria,8/1/1939,female,PB
1285,Brenda,2/9/1962,female,DF
1286,Nicolas,10/9/1992,male,SP
1287,José,10/13/1935,male,RJ
1288,Maria,3/17/1942,female,SP
1289,Tânia,5/6/1936,female,PE
1290,Otávio,2/26/1966,male,BA
1291,Vitór,5/27/1963,male,RN
1292,Rebeca,3/28/1991,female,CE
1293,Marisa,1/12/1951,female,SP
1294,Lucas,9/30/1938,male,SP
1295,Breno,2/22/1967,male,SP
1296,Luan,4/22/1984,male,RS
1297,Kaua,12/30/1963,male,RJ
1298,Gustavo,3/2/1946,male,SP
1299,Evelyn,10/19/1994,female,DF
1300,Leonor,7/9/1981,female,SP
1301,Giovana,9/8/1983,female,SP
1302,Danilo,6/6/1987,male,GO
1303,Isabelle,8/3/1989,female,SP
1304,Emilly,4/21/1939,female,MG
1305,Carolina,7/7/1967,female,MG
1306,Antônio,7/20/1981,male,RJ
1307,Ryan,3/16/1976,male,RJ
1308,Giovanna,1/23/1947,female,SP
1309,Ryan,1/4/1992,male,SP
1310,Matheus,9/14/1963,male,DF
1311,Luís,3/2/1972,male,MG
1312,Julian,10/12/1944,male,SP
1313,Julia,9/23/1972,female,SP
1314,Marisa,1/12/1990,female,RJ
1315,Danilo,6/26/1972,male,SP
1316,Bianca,12/6/1959,female,SP
1317,Beatriz,11/1/1960,female,DF
1318,Paulo,7/1/1978,male,MG
1319,Marina,3/12/1944,female,RN
1320,Igor,5/14/1990,male,SP
1321,José,5/2/1977,male,ES
1322,Carolina,3/19/1955,female,RJ
1323,Lara,5/26/1961,female,RS
1324,Julia,10/6/1960,female,PB
1325,Leila,3/9/1993,female,SP
1326,André,8/8/1992,male,SP
1327,Kauã,9/12/1977,male,SP
1328,Brenda,4/29/1988,female,SC
1329,Rodrigo,2/24/1954,male,RN
1330,Miguel,6/7/1995,male,SP
1331,Igor,7/16/1992,male,SC
1332,Felipe,11/26/1989,male,SP
1333,Estevan,9/6/1993,male,PE
1334,Tiago,4/26/1952,male,PE
1335,Nicolas,12/13/1992,male,GO
1336,Isabella,5/7/1934,female,PR
1337,Amanda,9/8/1960,female,SP
1338,Diego,12/13/1947,male,PE
1339,Kauê,1/23/1953,male,SP
1340,Alice,7/11/1958,female,RO
1341,Melissa,8/21/1988,female,SP
1342,Clara,6/8/1996,female,SP
1343,Nicolash,4/10/1939,male,SP
1344,Leonor,6/9/1958,female,SP
1345,Manuela,4/22/1983,female,CE
1346,Leonardo,4/22/1939,male,MG
1347,Renan,2/14/1937,male,DF
1348,Rafaela,3/9/1996,female,RS
1349,Felipe,1/10/1983,male,SP
1350,Pedro,12/14/1939,male,RJ
1351,Mateus,1/22/1972,male,MT
1352,Mariana,4/30/1992,female,GO
1353,Rafael,11/10/1987,male,MG
1354,Vitória,3/15/2000,female,PA
1355,Luiz,11/27/1974,male,SP
1356,Estevan,11/7/1978,male,DF
1357,Caio,9/12/1984,male,ES
1358,Danilo,3/31/1948,male,SP
1359,Isabela,10/24/1939,female,MS
1360,Bianca,8/21/1933,female,RS
1361,Ágatha,4/27/1934,female,AM
1362,Miguel,9/12/1986,male,MG
1363,Giovana,1/16/1953,female,MT
1364,Rafaela,2/4/1934,female,SP
1365,Vinícius,11/30/1972,male,SC
1366,Gustavo,10/1/1955,male,SP
1367,Amanda,3/18/1987,female,DF
1368,Brenda,8/13/1997,female,ES
1369,Maria,9/10/1935,female,RS
1370,Kauê,4/12/1966,male,SP
1371,Kaua,1/4/1951,male,PR
1372,Maria,4/20/1945,female,DF
1373,Mateus,11/2/1994,male,MG
1374,Caio,7/21/1936,male,RJ
1375,Breno,5/16/1951,male,SP
1376,Alex,2/23/1972,male,SP
1377,Nicole,1/19/1960,female,MG
1378,Marcos,4/19/1979,male,MT
1379,Leonor,11/19/1941,female,SC
1380,Anna,4/12/1937,female,SC
1381,Vinicius,3/26/1950,male,SP
1382,Manuela,4/20/1997,female,PR
1383,Emilly,3/1/1993,female,RJ
1384,Marisa,11/14/1991,female,RJ
1385,Mateus,11/8/1960,male,SP
1386,Paulo,4/16/1979,male,BA
1387,Luiza,2/12/1959,female,MG
1388,Kaua,7/4/1971,male,SP
1389,Vitor,10/27/1934,male,PE
1390,Melissa,11/18/1987,female,SP
1391,Pedro,12/27/1936,male,DF
1392,Larissa,3/5/1970,female,SP
1393,Kauã,10/5/1983,male,SP
1394,Fernanda,6/25/1971,female,MG
1395,Bruna,3/11/1963,female,GO
1396,Sofia,5/30/1957,female,PR
1397,Breno,5/29/1971,male,SP
1398,Leonardo,1/25/1958,male,SP
1399,Luiza,9/8/1968,female,PE
1400,Nicolash,1/5/1993,male,DF
1401,Joao,3/5/1989,male,PB
1402,Vitór,9/7/1971,male,SP
1403,Rafael,1/15/1974,male,PA
1404,Clara,9/4/1956,female,RJ
1405,Fábio,11/19/1966,male,PE
1406,Marcos,1/28/1980,male,PR
1407,Joao,2/21/1953,male,PR
1408,Vitoria,1/28/1943,female,DF
1409,Leila,7/30/1938,female,CE
1410,Isabelle,10/15/1937,female,GO
1411,Davi,6/14/1985,male,MG
1412,Gustavo,7/5/1972,male,SE
1413,Luana,6/8/1950,female,MG
1414,Breno,5/14/1947,male,SP
1415,Bruna,2/25/1966,female,DF
1416,Leonor,3/20/1946,female,GO
1417,Breno,11/11/1985,male,ES
1418,Vitor,4/26/1997,male,PB
1419,Camila,8/2/1981,female,BA
1420,Carlos,11/18/1966,male,MG
1421,André,7/13/1948,male,PR
1422,Luana,5/19/1966,female,BA
1423,Julian,4/17/1940,male,MT
1424,Marcos,1/19/1937,male,PE
1425,Ágatha,11/9/1964,female,MS
1426,Igor,9/23/1971,male,RJ
1427,Vitória,1/10/1953,female,SP
1428,Julieta,8/17/1957,female,PR
1429,Kauê,3/20/1977,male,SP
1430,Kauê,2/15/1977,male,SP
1431,Camila,11/22/1982,female,SP
1432,Carla,11/29/1980,female,SP
1433,Daniel,3/1/1983,male,SP
1434,Fernanda,10/9/1986,female,RJ
1435,Maria,9/14/1997,female,SC
1436,Aline,11/7/1958,female,SP
1437,Marina,9/28/1994,female,SP
1438,Manuela,3/9/1980,female,MG
1439,Manuela,6/7/1933,female,GO
1440,Sofia,7/27/1964,female,CE
1441,Marisa,3/23/1993,female,RN
1442,Diogo,12/8/1950,male,PE
1443,Anna,7/11/1954,female,RS
1444,Gabrielly,3/5/1941,female,SP
1445,Leonor,1/18/1969,female,BA
1446,Cauã,1/13/1978,male,SP
1447,Estevan,10/2/1987,male,GO
1448,Kai,6/8/1982,male,RJ
1449,Kauã,7/24/1979,male,SP
1450,Diego,2/6/1949,male,RJ
1451,Murilo,7/16/1975,male,SP
1452,Isabella,8/17/1940,female,SP
1453,Tânia,1/23/1984,female,SP
1454,Luiz,12/12/1999,male,BA
1455,Tânia,1/6/1998,female,RJ
1456,Gabrielle,7/20/1965,female,RS
1457,Isabella,3/15/1960,female,SP
1458,Estevan,11/25/1955,male,AL
1459,Vitór,12/27/1952,male,MA
1460,Kauê,7/21/1934,male,PE
1461,Vitoria,4/6/1978,female,RO
1462,Emilly,8/12/1998,female,MT
1463,Kauã,8/22/1956,male,PR
1464,Maria,10/21/1977,female,SP
1465,Alice,6/21/1949,female,MG
1466,Erick,3/29/1958,male,DF
1467,Thaís,7/13/1935,female,PE
1468,Samuel,3/16/1977,male,RJ
1469,Anna,12/20/1953,female,SP
1470,Igor,7/2/1963,male,SC
1471,Camila,6/9/1973,female,MG
1472,Melissa,3/17/1946,female,TO
1473,Gabrielle,1/5/1991,female,GO
1474,Lavinia,6/21/1956,female,MG
1475,Carolina,8/26/1975,female,MT
1476,Marisa,11/11/1953,female,ES
1477,Mateus,12/19/1939,male,SP
1478,Guilherme,4/16/1987,male,SP
1479,Maria,12/19/1941,female,AM
1480,Murilo,10/7/1966,male,PE
1481,Sarah,3/7/1990,female,AP
1482,Camila,5/26/1968,female,SP
1483,Gabrielle,2/19/1952,female,ES
1484,Bruna,5/9/1970,female,MS
1485,Thiago,9/17/1976,male,SC
1486,Otávio,3/23/1978,male,MG
1487,Vinícius,1/3/1955,male,GO
1488,Julian,8/26/1963,male,RJ
1489,Caio,10/17/1953,male,SP
1490,Nicole,5/11/1936,female,MG
1491,Lavinia,10/15/1978,female,SP
1492,Gabrielle,5/8/1969,female,SP
1493,Beatriz,8/31/1991,female,PR
1494,Júlia,8/31/1939,female,GO
1495,Bruna,12/24/1964,female,RO
1496,Anna,3/3/1955,female,PE
1497,Giovana,7/29/1944,female,SP
1498,Alex,9/29/1983,male,SP
1499,Joao,10/19/1985,male,PE
1500,Gabrielle,8/29/1963,female,SC
1501,Luan,3/14/1939,male,BA
1502,Luiza,9/9/1979,female,PE
1503,Luiz,3/14/1952,male,PB
1504,Breno,4/19/1977,male,SP
1505,Otávio,10/10/1937,male,MG
1506,Danilo,8/23/1961,male,SP
1507,Luís,12/21/1940,male,MT
1508,Kauan,8/9/1972,male,PA
1509,Vitor,5/13/1967,male,SP
1510,Emilly,9/29/1983,female,RJ
1511,Ágatha,3/5/1948,female,RJ
1512,Caio,10/11/1969,male,RS
1513,Caio,7/8/1941,male,SP
1514,Lavinia,5/3/1996,female,SP
1515,Luan,4/27/1959,male,GO
1516,Bruna,5/27/1941,female,SP
1517,Breno,7/12/1973,male,PR
1518,Diogo,8/1/1992,male,SP
1519,Luiz,2/22/1945,male,RS
1520,Renan,8/17/1992,male,SP
1521,Lara,10/16/1935,female,DF
1522,Rebeca,8/19/1987,female,SP
1523,Vinicius,3/18/1935,male,PR
1524,Carla,5/12/1988,female,GO
1525,Caio,12/2/1956,male,GO
1526,Ágatha,2/18/1973,female,SP
1527,Gabrielle,6/11/1949,female,MG
1528,Kaua,9/5/1983,male,SP
1529,Otávio,11/8/1955,male,MG
1530,Martim,6/28/1966,male,AM
1531,Manuela,1/22/1995,female,SP
1532,Anna,1/30/1997,female,GO
1533,Ana,2/4/1959,female,RJ
1534,Carolina,6/15/1972,female,RJ
1535,Thaís,10/16/1973,female,MG
1536,Breno,5/2/1950,male,RJ
1537,Kauan,8/4/1958,male,DF
1538,Sofia,1/16/1961,female,MG
1539,Giovana,6/2/1946,female,PR
1540,Fábio,2/22/1975,male,SP
1541,Thiago,12/22/1956,male,AL
1542,Ágatha,9/14/1947,female,SC
1543,Murilo,5/26/1977,male,SP
1544,Evelyn,6/24/1935,female,SP
1545,Vinicius,1/11/1948,male,RJ
1546,Isabelle,12/29/1967,female,GO
1547,Nicolash,2/27/1978,male,SE
1548,Gabrielly,11/18/1987,female,SC
1549,Thaís,6/14/1969,female,MG
1550,Tomás,4/9/1999,male,ES
1551,Kauã,10/23/1991,male,GO
1552,Estevan,11/25/1964,male,SP
1553,Carla,3/14/1979,female,SP
1554,Leonor,12/10/1941,female,MG
1555,Mateus,4/30/1939,male,ES
1556,Rebeca,2/19/1963,female,SP
1557,Erick,2/24/1958,male,RJ
1558,Kaua,6/4/1968,male,PR
1559,Letícia,9/20/1970,female,PI
1560,Marina,8/20/1992,female,GO
1561,Julia,8/23/1975,female,PE
1562,Maria,6/24/1972,female,PE
1563,Marina,5/23/1965,female,RS
1564,André,4/3/1995,male,SP
1565,Breno,7/12/1978,male,BA
1566,Giovanna,12/8/1972,female,MG
1567,Brenda,8/22/1953,female,MS
1568,Samuel,6/1/1940,male,RS
1569,Giovanna,5/2/1968,female,RS
1570,Daniel,8/3/1951,male,RJ
1571,Eduarda,10/12/1984,female,SP
1572,Emilly,9/29/1982,female,SP
1573,Kai,8/14/1996,male,PB
1574,Sofia,6/29/1990,female,DF
1575,Amanda,10/9/1977,female,SP
1576,Thiago,2/1/1934,male,PI
1577,Victor,6/25/1964,male,SP
1578,Rafaela,6/1/1976,female,AM
1579,Livia,6/14/1993,female,SP
1580,Raissa,11/5/1940,female,SP
1581,Thaís,3/3/1976,female,DF
1582,Lavinia,7/4/1951,female,SP
1583,Bruno,5/31/1966,male,ES
1584,Thiago,1/8/1965,male,DF
1585,Rebeca,10/4/1994,female,MG
1586,Tiago,6/10/1968,male,ES
1587,Emily,6/6/1962,female,MS
1588,Fernanda,3/20/1958,female,DF
1589,Carolina,6/13/1982,female,MG
1590,José,11/2/1936,male,SP
1591,Júlia,10/30/1942,female,PR
1592,Bruno,7/9/1962,male,PE
1593,Guilherme,4/26/1963,male,RS
1594,Lucas,8/16/1984,male,SP
1595,Júlio,3/5/1951,male,RS
1596,Erick,2/19/1955,male,GO
1597,Gabriel,1/10/1949,male,SP
1598,Vinícius,6/23/1978,male,BA
1599,Tomás,11/28/1988,male,BA
1600,Camila,7/1/1962,female,PR
1601,Sarah,6/7/1938,female,SP
1602,Luiz,9/10/1955,male,PE
1603,Luan,11/25/1986,male,DF
1604,Bruno,9/25/1965,male,PE
1605,Leonor,4/18/1993,female,CE
1606,Lavinia,7/13/1968,female,SP
1607,Fábio,3/9/1994,male,SC
1608,Gabrielly,12/4/1986,female,TO
1609,Douglas,8/26/1942,male,RJ
1610,Daniel,5/19/1947,male,SP
1611,José,11/8/1936,male,SP
1612,Luan,7/27/1943,male,RS
1613,Giovana,6/3/1982,female,SP
1614,Felipe,11/13/1986,male,RS
1615,Miguel,4/20/1936,male,ES
1616,Julia,10/31/1947,female,PE
1617,Beatriz,5/16/1962,female,RS
1618,Yasmin,4/8/1956,female,PE
1619,Rebeca,2/8/1972,female,MG
1620,Sophia,2/12/1970,female,GO
1621,Luiza,10/18/1992,female,DF
1622,Felipe,9/11/1991,male,ES
1623,Marisa,9/20/1985,female,RN
1624,Guilherme,10/26/1970,male,RJ
1625,Bruna,6/7/1977,female,RJ
1626,Amanda,2/22/1964,female,SP
1627,Fernanda,9/3/1955,female,MT
1628,Rebeca,11/10/1970,female,SP
1629,Cauã,6/19/1954,male,SC
1630,Luana,11/17/1945,female,SP
1631,Luana,2/3/1939,female,MG
1632,Tomás,10/5/1997,male,PR
1633,Isabelle,7/15/1960,female,AP
1634,Nicolash,8/3/1966,male,DF
1635,Thiago,10/13/1954,male,PI
1636,Martim,5/17/1945,male,SP
1637,Antônio,8/1/1979,male,GO
1638,Alice,8/24/1934,female,SP
1639,Estevan,6/29/1972,male,GO
1640,Julia,4/15/1966,female,MG
1641,Pedro,4/7/1938,male,MS
1642,Beatrice,6/19/1962,female,RS
1643,Tânia,11/8/1946,female,SP
1644,Martim,8/23/1990,male,SP
1645,Carla,3/24/1987,female,SP
1646,Manuela,9/28/1961,female,MG
1647,Eduarda,1/11/1979,female,SP
1648,Yasmin,7/2/1989,female,SC
1649,Diogo,6/23/1994,male,SP
1650,Arthur,5/5/1973,male,SP
1651,Bruna,7/6/1969,female,AM
1652,Sarah,10/20/1960,female,MG
1653,Igor,2/27/1977,male,RS
1654,Sophia,12/9/1952,female,BA
1655,Gabrielly,3/19/1985,female,PI
1656,Isabela,3/26/1980,female,SP
1657,Guilherme,6/16/1951,male,MG
1658,Livia,6/19/1995,female,RJ
1659,Leonardo,2/5/1967,male,PB
1660,Paulo,1/18/1973,male,AM
1661,Leila,5/16/1937,female,RS
1662,Sophia,5/9/1999,female,SP
1663,Carolina,9/1/1970,female,PE
1664,Isabella,10/7/1975,female,GO
1665,Luis,11/8/1978,male,PA
1666,Nicolas,4/22/1971,male,SP
1667,Lara,10/27/1972,female,RJ
1668,Matilde,12/27/1981,female,DF
1669,Erick,7/5/1967,male,SP
1670,Guilherme,10/26/1971,male,DF
1671,Mateus,3/2/1955,male,BA
1672,Julia,1/4/1949,female,PR
1673,Melissa,6/21/1935,female,SP
1674,Kauã,2/8/1992,male,SP
1675,Laura,11/18/1972,female,SP
1676,Evelyn,9/24/1977,female,SP
1677,Ana,11/29/1991,female,MS
1678,Gustavo,10/28/1986,male,SP
1679,Bruno,2/13/1975,male,MG
1680,Samuel,4/19/1966,male,SP
1681,Enzo,6/13/1941,male,MG
1682,Murilo,8/17/1984,male,GO
1683,Luana,3/24/1954,female,DF
1684,Brenda,4/22/1960,female,MG
1685,Cauã,5/8/1964,male,GO
1686,Kauan,5/1/1945,male,RN
1687,Livia,12/27/1983,female,RJ
1688,Sarah,8/6/1935,female,RJ
1689,Tiago,1/4/1990,male,DF
1690,Sophia,7/18/1990,female,PR
1691,Eduarda,6/23/1995,female,PA
1692,Nicole,5/19/1957,female,ES
1693,Isabela,9/18/1980,female,SP
1694,Gustavo,5/2/1957,male,SP
1695,Yasmin,10/8/1933,female,PR
1696,Igor,2/16/1963,male,SC
1697,Cauã,4/27/1983,male,ES
1698,Mariana,1/4/1974,female,MG
1699,Vitória,10/24/1991,female,RJ
1700,Letícia,4/12/1957,female,MS
1701,Alice,9/27/1994,female,RJ
1702,Lavinia,12/26/1982,female,RS
1703,André,5/15/1997,male,SP
1704,Bianca,11/18/1997,female,RJ
1705,Kauã,10/5/1935,male,RJ
1706,Camila,6/8/1985,female,SP
1707,Joao,12/23/1952,male,SP
1708,Camila,12/29/1997,female,SP
1709,Ana,4/18/1967,female,PA
1710,Eduardo,9/2/1996,male,SP
1711,Larissa,11/21/1956,female,MG
1712,Anna,6/3/1952,female,ES
1713,Matheus,10/24/1993,male,SP
1714,Amanda,5/27/1938,female,RJ
1715,Leila,4/20/1975,female,GO
1716,Amanda,6/14/1978,female,SP
1717,José,1/3/1977,male,PE
1718,Júlio,3/30/1940,male,SP
1719,Vitór,3/23/1967,male,PR
1720,Douglas,6/15/1939,male,PE
1721,Douglas,4/24/1977,male,BA
1722,Marisa,8/27/1982,female,MG
1723,Ágatha,1/27/1934,female,ES
1724,Nicolas,8/16/1946,male,AL
1725,Aline,6/28/1949,female,RS
1726,Gabrielly,7/31/1943,female,SC
1727,Gabrielle,5/25/1997,female,SP
1728,Pedro,11/26/1961,male,SC
1729,Rodrigo,3/25/1998,male,DF
1730,Murilo,10/8/1990,male,PR
1731,Beatrice,3/3/1999,female,SP
1732,Julia,7/5/1945,female,MG
1733,Marisa,11/23/1947,female,MG
1734,Yasmin,3/7/1957,female,RJ
1735,Erick,8/2/1953,male,SP
1736,Brenda,2/13/1959,female,SP
1737,Paulo,7/13/1989,male,DF
1738,Sophia,11/19/1947,female,BA
1739,Fernanda,1/9/1969,female,RJ
1740,Julieta,9/22/1965,female,RS
1741,Davi,10/27/1945,male,SP
1742,Amanda,11/5/1947,female,SP
1743,Maria,4/30/1956,female,SP
1744,Beatrice,12/29/1949,female,BA
1745,Thiago,9/18/1933,male,BA
1746,Maria,12/1/1999,female,RJ
1747,Igor,6/4/1979,male,PE
1748,Kai,6/11/1996,male,SP
1749,Joao,3/12/1999,male,SP
1750,Thiago,5/17/1944,male,SP
1751,Breno,9/25/1953,male,BA
1752,Gabriel,11/8/1935,male,DF
1753,Bianca,6/23/1959,female,RJ
1754,Carolina,4/5/1975,female,RJ
1755,Matilde,8/13/1983,female,RJ
1756,Bruna,7/9/1980,female,ES
1757,Beatrice,7/7/1978,female,MG
1758,Julian,5/17/1966,male,TO
1759,Mariana,3/14/1953,female,RJ
1760,Eduardo,9/9/1945,male,MG
1761,Letícia,12/31/1972,female,CE
1762,Sophia,6/6/1987,female,PE
1763,Carla,2/20/1962,female,MS
1764,Gabriel,1/12/1941,male,PR
1765,Letícia,4/29/1974,female,GO
1766,Lavinia,10/20/1983,female,MT
1767,Otávio,10/6/1936,male,DF
1768,Camila,3/15/1948,female,SP
1769,Leila,7/5/1947,female,SP
1770,Marcos,8/12/1986,male,PB
1771,Mateus,10/15/1937,male,SP
1772,Marcos,8/5/1956,male,MG
1773,Fernanda,4/1/1938,female,RJ
1774,Fábio,2/10/1948,male,SP
1775,Leonor,1/5/1997,female,SP
1776,Kauan,6/14/1938,male,TO
1777,Leonardo,9/22/1975,male,BA
1778,Matheus,9/5/1950,male,RJ
1779,Larissa,5/28/1940,female,SP
1780,Kauan,3/24/1962,male,MG
1781,Giovana,2/15/1947,female,AM
1782,Ágatha,6/29/1989,female,AM
1783,Kauan,8/4/1987,male,RS
1784,Otávio,3/6/1942,male,PA
1785,Júlia,7/29/1991,female,MT
1786,Lavinia,11/23/1938,female,RO
1787,Beatriz,11/3/1946,female,ES
1788,Sofia,5/14/1960,female,SP
1789,Thiago,12/18/1978,male,PE
1790,Melissa,5/27/1973,female,MA
1791,Joao,12/4/1945,male,SP
1792,Marina,7/29/1996,female,SP
1793,Luís,8/27/1986,male,SP
1794,Gustavo,10/20/1996,male,RS
1795,Carla,5/1/1958,female,SP
1796,Júlia,4/26/1990,female,PA
1797,Gabrielle,8/30/1950,female,MS
1798,Tiago,5/24/1940,male,GO
1799,Renan,8/23/1946,male,MS
1800,Caio,4/26/1948,male,MG
1801,Nicolas,11/19/1981,male,PA
1802,Eduardo,1/7/1992,male,PI
1803,Tânia,11/24/1989,female,MG
1804,Ryan,5/13/1978,male,RJ
1805,Júlia,3/3/1936,female,RJ
1806,Martim,6/20/1972,male,SP
1807,Sophia,3/15/1965,female,RS
1808,Camila,5/24/1950,female,PR
1809,Kaua,8/4/1961,male,MG
1810,Júlio,1/20/1967,male,SP
1811,Caio,10/30/1976,male,SP
1812,Miguel,6/22/1946,male,MG
1813,Fábio,8/1/1958,male,SP
1814,João,9/4/1961,male,SP
1815,Matheus,1/17/1976,male,SP
1816,Julian,3/25/1997,male,CE
1817,Gabriel,4/15/1974,male,SP
1818,Larissa,1/9/1934,female,AM
1819,Davi,2/22/1986,male,RJ
1820,Guilherme,11/18/1944,male,MG
1821,Arthur,1/28/1980,male,SP
1822,Thaís,9/6/1992,female,PR
1823,Livia,1/22/1952,female,RJ
1824,Ana,3/4/1947,female,SP
1825,Beatriz,10/30/1955,female,RN
1826,Camila,9/18/1972,female,RS
1827,Breno,8/7/1970,male,MT
1828,Vinicius,10/16/1981,male,PE
1829,Guilherme,12/9/1960,male,BA
1830,Kaua,6/27/1946,male,PE
1831,Ágatha,4/23/1948,female,PA
1832,Murilo,3/13/1985,male,GO
1833,Yasmin,3/25/1943,female,CE
1834,Tomás,7/17/1936,male,SC
1835,Bruno,8/21/1949,male,SP
1836,Laura,2/6/1955,female,RS
1837,Beatrice,9/9/1945,female,DF
1838,Vinicius,12/4/1996,male,MG
1839,Leonor,3/3/1961,female,SP
1840,Diego,1/2/1957,male,RJ
1841,Maria,12/19/1960,female,RJ
1842,Giovana,12/30/1995,female,SP
1843,Emily,10/14/1935,female,MG
1844,Laura,10/23/1994,female,DF
1845,Antônio,2/7/1977,male,BA
1846,Davi,4/2/1995,male,CE
1847,Breno,6/15/1959,male,PA
1848,Diogo,7/2/1970,male,AL
1849,Gabriela,10/10/1952,female,BA
1850,Danilo,1/31/1938,male,DF
1851,Luana,9/11/1971,female,RS
1852,Julieta,4/4/1941,female,SP
1853,Alex,12/23/1973,male,RJ
1854,Alex,6/24/1933,male,SP
1855,Daniel,7/14/1964,male,SP
1856,Thiago,2/16/1997,male,RS
1857,Matheus,9/26/1934,male,BA
1858,Igor,10/4/1943,male,RS
1859,Daniel,8/22/1985,male,SP
1860,Fernanda,4/2/1980,female,ES
1861,Danilo,4/15/1947,male,RJ
1862,Carla,9/28/1979,female,PE
1863,Raissa,6/10/1986,female,PE
1864,Nicolash,3/30/1962,male,ES
1865,Fábio,8/9/1981,male,SP
1866,Leonardo,3/4/1964,male,RJ
1867,Miguel,8/8/1977,male,MG
1868,Aline,8/16/1966,female,MG
1869,Leonor,1/19/1947,female,RJ
1870,Leila,10/1/1949,female,SP
1871,Pedro,7/4/1955,male,RJ
1872,Mariana,4/4/1990,female,GO
1873,Amanda,12/26/1991,female,PR
1874,Cauã,7/30/1945,male,SP
1875,José,6/20/1977,male,RJ
1876,Matilde,3/6/1961,female,SE
1877,Daniel,10/3/1975,male,MG
1878,Felipe,1/13/1988,male,ES
1879,Larissa,11/15/1965,female,SP
1880,Thaís,6/15/1984,female,TO
1881,Joao,12/9/1978,male,SP
1882,Luiza,10/10/1965,female,MG
1883,Tânia,8/11/1996,female,MS
1884,Isabela,4/4/1957,female,GO
1885,Sophia,1/5/1978,female,SP
1886,Beatriz,3/26/1955,female,CE
1887,Luan,1/21/1956,male,MT
1888,Clara,3/31/1995,female,PR
1889,Isabelle,4/15/1936,female,MG
1890,Gabriela,3/24/1942,female,CE
1891,Rebeca,9/16/1933,female,SP
1892,Estevan,3/5/1939,male,MG
1893,Isabelle,5/8/1964,female,MG
1894,Victor,4/27/1971,male,MG
1895,Thiago,5/29/1946,male,CE
1896,Gabriela,12/18/1994,female,SP
1897,Emilly,8/11/1951,female,SP
1898,Luis,8/10/1938,male,DF
1899,Paulo,2/28/1952,male,SP
1900,Martim,6/23/1996,male,SP
1901,Raissa,2/23/1950,female,TO
1902,Vinícius,1/9/1945,male,SP
1903,Arthur,12/12/1978,male,DF
1904,Nicolash,2/4/1965,male,PR
1905,Larissa,3/1/1959,female,SP
1906,Bruna,6/27/1984,female,RN
1907,Luís,9/19/1969,male,RJ
1908,Daniel,2/9/1979,male,RS
1909,Isabela,1/11/1960,female,MG
1910,Carla,5/8/1945,female,PA
1911,Gabrielle,8/15/1955,female,SE
1912,Fernanda,8/23/1989,female,PR
1913,Kauê,11/15/1952,male,RJ
1914,Victor,8/26/1982,male,BA
1915,Gabriela,11/4/1994,female,SP
1916,Luan,2/25/1993,male,ES
1917,Vitória,11/12/1970,female,PR
1918,Murilo,7/30/1963,male,MG
1919,Luan,8/12/1938,male,AM
1920,Leila,11/13/1945,female,PR
1921,Luiza,12/30/1972,female,SC
1922,Kauã,4/14/1947,male,SP
1923,Enzo,1/11/1940,male,AM
1924,Clara,1/11/1999,female,PA
1925,Kauan,1/31/1959,male,SP
1926,Luís,6/29/1945,male,RJ
1927,Carlos,10/29/1987,male,BA
1928,Vinícius,9/2/1993,male,RJ
1929,Giovana,5/27/1978,female,BA
1930,Larissa,10/10/1958,female,SP
1931,Luis,7/9/1990,male,RJ
1932,Ana,2/23/1967,female,SP
1933,Gabriela,12/11/1951,female,PB
1934,André,3/7/1947,male,SP
1935,Tomás,1/13/1986,male,SP
1936,Matilde,5/7/1942,female,SP
1937,Ana,9/14/1987,female,SP
1938,Ágatha,1/12/1976,female,DF
1939,Evelyn,5/22/1995,female,ES
1940,Luan,8/15/1933,male,DF
1941,Diego,2/19/1951,male,MG
1942,Joao,12/22/1986,male,PR
1943,Thiago,10/15/1941,male,SP
1944,Nicolas,5/10/1998,male,RJ
1945,Livia,1/30/1987,female,PR
1946,Júlia,5/16/1981,female,PE
1947,Murilo,7/25/1993,male,PR
1948,Larissa,11/7/1973,female,MT
1949,Joao,12/13/1964,male,SP
1950,Samuel,2/14/1966,male,RS
1951,Fábio,9/22/1974,male,SP
1952,Evelyn,1/17/1948,female,PE
1953,Thaís,8/15/1957,female,MG
1954,Letícia,11/29/1942,female,SP
1955,Evelyn,9/22/1967,female,GO
1956,Kauã,8/6/1997,male,MG
1957,Cauã,1/8/1955,male,RN
1958,Giovana,1/3/1963,female,MG
1959,Pedro,4/21/1945,male,MG
1960,Bruna,6/2/1969,female,GO
1961,Tomás,5/29/1975,male,PB
1962,Julia,12/6/1977,female,SP
1963,Lavinia,8/16/1973,female,PE
1964,Rebeca,1/1/1964,female,RN
1965,Livia,12/3/1996,female,SP
1966,Vitória,5/19/1992,female,SP
1967,Beatriz,5/25/1969,female,SP
1968,Ryan,5/23/1979,male,AP
1969,Samuel,8/6/1954,male,RJ
1970,Kauê,6/20/1947,male,SP
1971,Victor,10/15/1968,male,SP
1972,Caio,5/11/1968,male,SP
1973,Luis,1/21/1984,male,RJ
1974,Gabriel,3/24/1957,male,MG
1975,Thiago,3/26/1957,male,SP
1976,Yasmin,4/15/1938,female,MG
1977,Vitór,10/10/1976,male,RS
1978,Isabelle,2/26/1995,female,RJ
1979,Matheus,8/5/1941,male,SP
1980,Vitoria,12/25/1961,female,AM
1981,Vitor,9/18/1956,male,SP
1982,Sofia,12/3/1998,female,AM
1983,Kai,6/19/1963,male,RS
1984,Kauan,7/18/1938,male,BA
1985,Lavinia,2/14/1988,female,SP
1986,Alex,3/28/1953,male,SP
1987,Luana,3/12/1996,female,ES
1988,Enzo,12/20/1980,male,MS
1989,Tiago,12/20/1987,male,BA
1990,Gustavo,7/9/1940,male,SP
1991,Bruna,5/4/1973,female,SP
1992,Alex,8/28/1971,male,SP
1993,Gabrielly,11/29/1948,female,SP
1994,Raissa,5/6/1934,female,SP
1995,Samuel,10/30/1960,male,SP
1996,Tomás,5/10/1950,male,MG
1997,Julian,7/14/1966,male,SP
1998,Evelyn,11/28/1999,female,RJ
1999,Kauã,4/4/1970,male,SP
2000,Tânia,6/28/1971,female,BA
2001,Matheus,6/11/1949,male,RS
2002,Breno,11/14/1945,male,SP
2003,Júlia,4/13/1940,female,SP
2004,Tiago,11/23/1975,male,SP
2005,Nicolas,10/20/1982,male,PE
2006,Arthur,5/17/1978,male,SP
2007,Davi,1/7/1968,male,MG
2008,Marina,10/26/1994,female,MA
2009,Cauã,4/27/1967,male,SP
2010,Lavinia,1/18/1999,female,GO
2011,Luis,4/1/1952,male,PA
2012,Marisa,8/2/1988,female,CE
2013,Gabrielly,9/8/1956,female,MA
2014,Gabriela,5/4/1989,female,SC
2015,Sarah,12/29/1985,female,AL
2016,Maria,9/29/1966,female,CE
2017,Lavinia,2/14/1935,female,MG
2018,Kai,10/19/1937,male,SP
2019,Mariana,8/21/1965,female,SP
2020,Samuel,8/9/1991,male,PR
2021,Enzo,12/9/1947,male,SP
2022,Caio,9/22/1976,male,PE
2023,Diego,2/17/1969,male,SP
2024,Igor,2/18/1984,male,MG
2025,Douglas,11/29/1995,male,SC
2026,Evelyn,8/24/1998,female,RS
2027,Julieta,5/12/1986,female,RJ
2028,Marcos,1/30/1984,male,RJ
2029,Beatrice,6/10/1961,female,SP
2030,Arthur,7/10/1938,male,SP
2031,Diogo,10/25/1937,male,SP
2032,Nicolash,12/31/1978,male,RS
2033,Carolina,11/11/1998,female,PA
2034,Larissa,7/8/1992,female,MG
2035,Vitor,8/9/1966,male,SP
2036,Julia,6/22/1978,female,SP
2037,Beatrice,8/9/1938,female,SC
2038,Luiza,2/13/1985,female,MS
2039,Anna,4/2/1986,female,SP
2040,Gustavo,10/9/1950,male,MG
2041,Diego,2/14/1940,male,MG
2042,Gabrielle,1/14/1957,female,PR
2043,Gustavo,8/14/1981,male,GO
2044,Nicole,11/5/1986,female,SP
2045,Manuela,1/4/1977,female,DF
2046,Maria,12/20/1962,female,PE
2047,Alice,4/8/1977,female,PR
2048,Tomás,2/1/1940,male,PE
2049,Douglas,2/19/1957,male,RJ
2050,Vitor,9/26/1963,male,RS
2051,Vitor,9/20/1944,male,SP
2052,Gustavo,7/6/1969,male,SP
2053,Enzo,2/4/1965,male,SP
2054,Vinícius,5/18/1939,male,SP
2055,Carolina,11/9/1986,female,BA
2056,Isabela,4/20/1983,female,SP
2057,Ana,1/17/1943,female,PI
2058,Arthur,10/4/1936,male,RJ
2059,Bianca,5/20/1963,female,PE
2060,Vitór,1/13/1987,male,PR
2061,Leila,2/6/1986,female,SC
2062,Melissa,9/28/1977,female,RJ
2063,Vitór,12/12/1976,male,BA
2064,Gabriel,9/20/1986,male,GO
2065,Luiz,4/27/1942,male,SP
2066,Luan,2/16/1957,male,RJ
2067,Vinicius,12/26/1989,male,PA
2068,Carla,3/27/1952,female,MG
2069,Beatriz,12/22/1947,female,SP
2070,Renan,4/9/1955,male,PE
2071,Danilo,7/27/1997,male,MT
2072,Erick,6/13/1965,male,AL
2073,Isabela,12/9/1992,female,MS
2074,Murilo,7/10/1970,male,PA
2075,Lavinia,7/16/1958,female,RJ
2076,Maria,3/5/1993,female,SP
2077,Matilde,12/2/1971,female,SC
2078,Júlia,9/27/1939,female,GO
2079,Laura,8/30/1987,female,DF
2080,Guilherme,1/2/1945,male,SP
2081,Breno,1/22/1968,male,PR
2082,Marina,7/20/1986,female,ES
2083,Marina,12/15/1938,female,DF
2084,Sofia,10/14/1998,female,CE
2085,Leonor,12/11/1958,female,AM
2086,Manuela,12/29/1947,female,CE
2087,Eduardo,11/16/1967,male,SP
2088,Daniel,4/6/1972,male,PE
2089,Murilo,6/16/1966,male,SP
2090,Giovana,1/7/1941,female,PR
2091,Luiz,12/22/1999,male,PE
2092,Anna,5/30/1950,female,SP
2093,Tiago,3/3/1966,male,SP
2094,Clara,2/21/1976,female,SC
2095,Emilly,9/17/1977,female,SP
2096,Julia,1/24/1999,female,RJ
2097,Breno,12/28/1954,male,SP
2098,Davi,1/5/1967,male,SP
2099,Danilo,6/27/1981,male,SP
2100,Marisa,2/24/1994,female,RJ
2101,Mariana,12/29/1957,female,AM
2102,Thaís,4/28/1972,female,SP
2103,Beatriz,9/16/1968,female,ES
2104,Caio,1/19/1939,male,MG
2105,Vinicius,10/29/1990,male,SP
2106,Vitór,1/15/1952,male,MS
2107,André,11/27/1954,male,CE
2108,Aline,9/9/1987,female,DF
2109,Vitoria,12/3/1988,female,PR
2110,Yasmin,9/24/1955,female,SP
2111,Martim,2/1/1982,male,MG
2112,Isabella,5/26/1963,female,SP
2113,Luiz,2/10/1979,male,SC
2114,Tomás,4/12/1989,male,PI
2115,Kauan,5/24/1999,male,BA
2116,Rafael,11/11/1936,male,PA
2117,Emily,3/22/1939,female,BA
2118,Murilo,11/16/1990,male,PE
2119,Brenda,4/6/1959,female,MG
2120,Leila,1/21/1962,female,ES
2121,Ana,1/8/1949,female,SP
2122,Diogo,11/12/1942,male,RJ
2123,Isabella,8/7/1948,female,SP
2124,Fernanda,4/17/1942,female,PR
2125,Otávio,10/9/1942,male,SP
2126,Anna,8/26/1976,female,SP
2127,Beatrice,2/20/1990,female,BA
2128,Vinícius,5/4/1936,male,RJ
2129,Renan,1/31/1956,male,PR
2130,Amanda,10/7/1962,female,ES
2131,Eduardo,1/21/1949,male,PR
2132,Kauã,7/27/1968,male,PR
2133,Sophia,10/4/1983,female,MG
2134,Lavinia,3/19/1963,female,RJ
2135,Nicole,10/17/1986,female,SP
2136,Sophia,12/7/1947,female,PR
2137,Yasmin,10/17/1999,female,SP
2138,Beatriz,2/24/1982,female,PE
2139,Luana,7/16/1967,female,RS
2140,Julieta,7/8/1949,female,MT
2141,Julia,6/16/1938,female,RJ
2142,Amanda,8/28/1973,female,SP
2143,Otávio,7/14/1945,male,BA
2144,Melissa,11/19/1936,female,MG
2145,Martim,2/9/1990,male,ES
2146,Cauã,4/15/1994,male,PA
2147,Enzo,11/24/1943,male,PR
2148,Thaís,12/2/1936,female,PR
2149,Davi,5/10/1970,male,SP
2150,Carlos,9/5/1983,male,RJ
2151,Arthur,4/2/1934,male,PE
2152,Isabelle,3/18/1964,female,RJ
2153,Gustavo,12/2/1944,male,RJ
2154,Danilo,10/29/1992,male,RS
2155,Paulo,8/20/1980,male,PE
2156,Brenda,6/25/1961,female,RJ
2157,Luiza,3/1/1968,female,SP
2158,Melissa,7/19/1953,female,RJ
2159,Ryan,9/20/1984,male,SP
2160,Kai,1/24/1964,male,RS
2161,Luan,1/5/1954,male,SP
2162,André,6/8/1960,male,RJ
2163,Vitor,12/13/1966,male,MG
2164,Sarah,11/22/1970,female,BA
2165,Antônio,8/14/1959,male,BA
2166,Rafael,9/28/1979,male,ES
2167,Bruna,2/11/1965,female,GO
2168,Carla,2/17/1948,female,ES
2169,Laura,9/2/1969,female,PB
2170,Luiz,10/14/1948,male,SP
2171,Erick,10/25/1960,male,RJ
2172,Rafaela,5/31/1969,female,SP
2173,Samuel,3/8/1979,male,PE
2174,Lara,9/28/1941,female,DF
2175,Ágatha,5/19/1966,female,MT
2176,Rodrigo,4/23/1987,male,PR
2177,Amanda,10/27/1968,female,CE
2178,João,12/27/1976,male,RN
2179,Douglas,1/19/1954,male,SP
2180,Larissa,4/20/1937,female,MT
2181,Brenda,1/3/1965,female,SP
2182,Gabriel,1/23/1986,male,PE
2183,Mateus,12/20/1986,male,SP
2184,Breno,12/29/1936,male,MG
2185,Luis,5/5/1990,male,BA
2186,Nicole,3/6/1966,female,GO
2187,Matheus,4/24/1957,male,SC
2188,Yasmin,6/24/1933,female,RJ
2189,Maria,1/14/1985,female,GO
2190,Evelyn,8/2/1994,female,SP
2191,Isabelle,11/8/1941,female,SP
2192,Julia,11/6/1951,female,SP
2193,Tiago,3/27/1947,male,ES
2194,Beatriz,11/14/1953,female,SP
2195,Kauê,1/24/1977,male,DF
2196,Ágatha,6/8/1948,female,SP
2197,Nicolas,7/1/1955,male,DF
2198,Enzo,6/10/1988,male,GO
2199,Bruna,9/25/1977,female,PR
2200,Luiza,6/4/1981,female,TO
2201,Yasmin,10/10/1999,female,RJ
2202,Gabrielle,6/27/1950,female,GO
2203,Evelyn,9/29/1933,female,CE
2204,Matheus,1/7/1942,male,RJ
2205,Camila,3/8/1998,female,SP
2206,Clara,6/7/1945,female,MG
2207,Miguel,3/12/1966,male,SP
2208,Raissa,8/13/1957,female,RJ
2209,Marina,5/26/1996,female,SP
2210,Emily,10/19/1945,female,PE
2211,Ryan,3/16/1947,male,TO
2212,Miguel,9/23/1995,male,RJ
2213,Mateus,12/3/1995,male,RS
2214,Carla,7/27/1993,female,DF
2215,Julian,9/10/1972,male,MG
2216,Julia,4/23/1947,female,SP
2217,Paulo,7/26/1961,male,AM
2218,Joao,7/27/1980,male,MA
2219,Luis,6/23/1992,male,RJ
2220,João,12/12/1962,male,DF
2221,Bianca,5/24/1977,female,PE
2222,Bruno,11/8/1933,male,RS
2223,Marina,7/8/1940,female,SP
2224,Amanda,6/2/1949,female,MS
2225,Davi,12/31/1996,male,MG
2226,Fernanda,6/30/1944,female,RJ
2227,Nicolas,12/23/1975,male,MS
2228,Amanda,2/27/1985,female,SP
2229,Diego,4/25/1969,male,RN
2230,Alice,4/3/1985,female,SP
2231,Davi,3/8/1948,male,RN
2232,Vitória,5/31/1999,female,MG
2233,Pedro,3/6/1978,male,PR
2234,Gustavo,8/31/1945,male,PI
2235,Luís,8/7/1958,male,SP
2236,Nicole,11/26/1993,female,SC
2237,Sophia,6/29/1984,female,SP
2238,Sophia,8/10/1947,female,PB
2239,Isabella,9/28/1958,female,GO
2240,André,5/30/1961,male,SP
2241,Vinícius,8/28/1934,male,PE
2242,Amanda,1/1/1984,female,PR
2243,Rafael,12/3/1993,male,CE
2244,Vitória,5/11/1977,female,RJ
2245,Letícia,9/24/1967,female,RJ
2246,Diego,3/1/1946,male,PE
2247,Rafael,6/12/1985,male,SP
2248,Fernanda,9/24/1973,female,SP
2249,Alex,12/1/1946,male,MG
2250,Vinicius,5/15/1952,male,RN
2251,Camila,5/13/1936,female,BA
2252,Rafaela,9/3/1954,female,RS
2253,Marcos,2/7/1987,male,SP
2254,Kaua,2/22/1966,male,SP
2255,Leonor,11/13/1999,female,PE
2256,Isabelle,9/14/1969,female,PR
2257,Paulo,11/1/1983,male,SP
2258,Livia,4/26/1969,female,GO
2259,Luis,10/23/1956,male,SP
2260,Rafael,11/22/1945,male,SP
2261,Ana,8/31/1968,female,PA
2262,Fábio,1/15/2000,male,GO
2263,Fernanda,12/18/1997,female,BA
2264,Manuela,10/10/1978,female,SP
2265,Victor,1/21/1954,male,RS
2266,Renan,5/11/1985,male,PB
2267,Erick,11/27/1979,male,SP
2268,Livia,7/12/1957,female,CE
2269,Emily,3/7/1981,female,SP
2270,Sofia,3/30/1954,female,GO
2271,Miguel,9/25/1938,male,SP
2272,Igor,1/14/1977,male,RJ
2273,Rodrigo,8/21/1940,male,MG
2274,Livia,9/13/1966,female,PA
2275,Sofia,4/9/1967,female,SP
2276,Lara,4/29/1942,female,MG
2277,Maria,5/28/1956,female,RS
2278,Enzo,1/15/1935,male,SP
2279,Melissa,3/12/1968,female,DF
2280,Leonor,8/18/1985,female,RS
2281,Luiza,6/28/1940,female,MG
2282,Lavinia,7/10/1988,female,SP
2283,Vitór,6/8/1968,male,SP
2284,Tomás,12/5/1983,male,SP
2285,Luan,10/18/1977,male,PA
2286,Tânia,11/9/1955,female,SP
2287,Daniel,9/12/1975,male,PA
2288,Murilo,12/13/1934,male,ES
2289,Arthur,3/25/1986,male,MS
2290,Carlos,2/12/1969,male,SP
2291,Vitória,7/22/1998,female,SP
2292,Davi,6/28/1963,male,SP
2293,Julieta,3/21/1941,female,SC
2294,Julian,2/10/1976,male,DF
2295,Emily,7/30/1998,female,SP
2296,Nicole,3/27/1990,female,RS
2297,Leonardo,11/9/1996,male,SP
2298,Douglas,9/20/1970,male,MG
2299,Ryan,1/22/1982,male,BA
2300,Felipe,6/14/1933,male,CE
2301,Gabriel,6/18/1974,male,MG
2302,Vitór,1/8/1992,male,PR
2303,Ágatha,1/19/1972,female,SP
2304,Lara,3/29/1999,female,SP
2305,Vinicius,1/20/1995,male,SP
2306,Kauê,9/26/1936,male,RS
2307,Melissa,3/26/1977,female,MT
2308,Caio,10/26/1948,male,SP
2309,Pedro,12/14/1975,male,MT
2310,Aline,7/22/1982,female,SP
2311,Carla,6/9/1955,female,SP
2312,Vitória,10/22/1976,female,GO
2313,Carolina,5/20/1959,female,DF
2314,Mateus,5/10/1954,male,RJ
2315,Enzo,7/4/1995,male,SP
2316,Joao,9/5/1935,male,RJ
2317,Erick,8/29/1968,male,MA
2318,Luan,1/12/1948,male,MT
2319,Samuel,6/10/1989,male,SC
2320,José,6/13/1999,male,GO
2321,Thaís,2/4/1982,female,SP
2322,Miguel,12/4/1976,male,MT
2323,Diego,3/25/1989,male,GO
2324,Martim,4/19/1987,male,AL
2325,Fernanda,5/27/1951,female,SP
2326,Carolina,4/20/1968,female,BA
2327,Julieta,9/27/1969,female,PE
2328,Marisa,11/10/1947,female,GO
2329,Isabelle,5/2/1983,female,PA
2330,Manuela,9/27/1940,female,RJ
2331,Bianca,9/5/1963,female,SP
2332,Tomás,9/22/1997,male,MG
2333,Ana,9/24/1976,female,MS
2334,Tânia,3/21/1971,female,SP
2335,Antônio,8/31/1994,male,RS
2336,Júlia,8/5/1945,female,PE
2337,Thaís,2/22/1970,female,DF
2338,Victor,2/11/2000,male,RS
2339,Pedro,10/8/1989,male,SP
2340,Leonardo,10/25/1951,male,SP
2341,Lavinia,7/7/1936,female,DF
2342,Matheus,7/27/1960,male,AL
2343,Douglas,8/19/1950,male,BA
2344,Renan,12/16/1936,male,RS
2345,Estevan,2/28/1996,male,RS
2346,Amanda,5/21/1977,female,RJ
2347,Samuel,3/2/1985,male,DF
2348,Júlio,3/12/1936,male,RJ
2349,Arthur,7/12/1978,male,MS
2350,Thiago,10/5/1976,male,GO
2351,Tiago,2/20/1988,male,PR
2352,Breno,3/14/1986,male,MT
2353,Carla,4/10/1938,female,SP
2354,Vitór,1/11/1970,male,SC
2355,Ryan,7/22/1997,male,PA
2356,Paulo,9/4/1996,male,RJ
2357,Carlos,9/3/1963,male,PE
2358,Arthur,4/21/1949,male,SP
2359,Isabela,10/25/1964,female,RS
2360,Luis,4/13/1966,male,RS
2361,Leonardo,7/10/1964,male,RS
2362,Murilo,12/16/1954,male,GO
2363,Vitor,10/9/1988,male,PE
2364,Gabriela,10/13/1976,female,SP
2365,Alice,1/28/1940,female,PA
2366,Letícia,6/1/1974,female,RN
2367,Otávio,2/28/1951,male,RJ
2368,Anna,10/22/1974,female,PR
2369,Danilo,3/18/1988,male,MG
2370,Leonor,2/18/1967,female,SP
2371,Marcos,9/30/1933,male,RJ
2372,Tiago,4/10/1994,male,AL
2373,Sophia,8/4/1988,female,PE
2374,Gustavo,3/13/1997,male,SP
2375,Kauã,9/23/1973,male,TO
2376,Douglas,6/30/1981,male,DF
2377,Giovana,7/10/1975,female,GO
2378,Júlia,3/29/2000,female,PE
2379,Nicolas,2/20/1934,male,RJ
2380,Danilo,8/21/1962,male,DF
2381,Guilherme,7/12/1958,male,MG
2382,Amanda,4/25/1984,female,ES
2383,Gabriela,6/29/1960,female,GO
2384,Murilo,3/26/1947,male,SP
2385,Thaís,6/30/1933,female,SP
2386,Nicole,8/7/1951,female,SP
2387,Arthur,4/24/1980,male,CE
2388,Livia,8/18/1999,female,GO
2389,Felipe,1/25/1987,male,BA
2390,Nicolas,12/15/1961,male,AL
2391,Igor,5/5/1987,male,GO
2392,Thaís,1/24/1952,female,CE
2393,Kai,8/6/1948,male,SP
2394,Cauã,11/17/1978,male,SP
2395,Breno,1/10/1960,male,MG
2396,Kauan,8/14/1976,male,SP
2397,Antônio,9/15/1986,male,RN
2398,Letícia,7/21/1958,female,MS
2399,Lara,12/27/1955,female,RJ
2400,Diogo,3/30/1962,male,SC
2401,Luiz,1/9/1934,male,SP
2402,Sophia,8/21/1956,female,CE
2403,Diogo,12/6/1944,male,CE
2404,Vinícius,3/13/1985,male,AP
2405,Lavinia,10/29/1963,female,PE
2406,Isabela,11/30/1996,female,ES
2407,Miguel,9/19/1966,male,MG
2408,Matilde,3/15/1953,female,SP
2409,Giovanna,10/2/1993,female,GO
2410,Breno,2/6/1984,male,PE
2411,Aline,9/30/1980,female,MS
2412,Rebeca,10/7/1985,female,PR
2413,Nicole,9/19/1950,female,RJ
2414,Beatriz,12/26/1991,female,TO
2415,Fernanda,3/4/1988,female,RJ
2416,Gabriela,10/10/1963,female,SP
2417,Cauã,10/27/1947,male,SP
2418,Luana,2/28/1991,female,SP
2419,Matilde,1/20/1992,female,SP
2420,Gabrielly,11/29/1936,female,SP
2421,Lara,10/18/1948,female,RJ
2422,Martim,12/11/1956,male,RJ
2423,Giovanna,2/1/1938,female,PE
2424,Amanda,1/2/1994,female,GO
2425,Guilherme,1/7/1969,male,SP
2426,Pedro,2/18/1945,male,RJ
2427,Julian,6/25/1985,male,DF
2428,Erick,6/12/1978,male,RJ
2429,Otávio,12/30/1940,male,MT
2430,Isabela,8/28/1997,female,BA
2431,André,8/31/1975,male,SP
2432,Rafaela,3/5/1955,female,PR
2433,Felipe,3/15/1978,male,SP
2434,Letícia,12/16/1947,female,SP
2435,Thaís,4/29/1974,female,MG
2436,Kauan,10/12/1934,male,SP
2437,Giovanna,6/16/1959,female,ES
2438,Mateus,9/6/1995,male,BA
2439,Eduarda,4/7/1994,female,SP
2440,Danilo,6/20/1956,male,GO
2441,Igor,9/14/1966,male,RJ
2442,Brenda,12/1/1960,female,PE
2443,Gabrielly,5/3/1972,female,MA
2444,Pedro,6/27/1968,male,SP
2445,Nicolash,12/24/1950,male,PR
2446,Thiago,10/11/1961,male,SP
2447,Emilly,1/28/1936,female,CE
2448,Aline,2/20/1952,female,PE
2449,Ágatha,1/19/1982,female,RJ
2450,Sarah,10/30/1953,female,RS
2451,Otávio,10/11/1951,male,SP
2452,Emilly,5/19/1959,female,AL
2453,Felipe,12/4/1962,male,RO
2454,Carla,2/9/1968,female,MG
2455,Lucas,4/22/1982,male,SP
2456,Erick,6/23/1975,male,MG
2457,Lara,3/22/1954,female,PR
2458,Ágatha,6/16/1986,female,SP
2459,Marina,4/29/1948,female,RS
2460,Leonor,3/20/1949,female,BA
2461,Victor,2/6/1986,male,SP
2462,Sarah,12/4/1934,female,SP
2463,Diego,6/1/1967,male,RJ
2464,Laura,3/5/1970,female,PR
2465,Tiago,7/31/1977,male,SP
2466,Gustavo,10/6/1941,male,AM
2467,Giovanna,1/7/1991,female,SP
2468,Renan,4/21/1936,male,SP
2469,Breno,9/9/1945,male,SP
2470,Bruna,12/18/1961,female,PR
2471,Igor,7/24/1997,male,PR
2472,Lara,1/11/1977,female,ES
2473,Alex,6/5/1948,male,SP
2474,Cauã,8/6/1980,male,DF
2475,Paulo,5/13/1979,male,SP
2476,Murilo,10/2/1990,male,BA
2477,Vinícius,3/24/1980,male,PR
2478,Giovana,1/23/1968,female,SP
2479,Paulo,3/26/1971,male,SC
2480,Yasmin,11/27/1974,female,GO
2481,Ágatha,9/13/1951,female,SP
2482,Vitoria,5/27/1967,female,SP
2483,Erick,9/17/1958,male,SP
2484,Vitória,11/11/1989,female,SP
2485,Julian,10/8/1952,male,MG
2486,Pedro,4/6/1937,male,RJ
2487,Luis,9/17/1996,male,RJ
2488,Giovana,12/30/1984,female,PR
2489,Giovana,2/19/1942,female,SP
2490,João,6/18/1937,male,PA
2491,Thaís,4/5/1957,female,PE
2492,Nicolas,4/13/1937,male,RJ
2493,Sofia,2/27/1993,female,RS
2494,Camila,2/15/1989,female,RS
2495,Mateus,1/1/1936,male,MG
2496,Kaua,1/22/1952,male,PR
2497,Maria,2/25/1985,female,PB
2498,Antônio,11/7/1984,male,MG
2499,Paulo,5/20/1980,male,PR
2500,Beatrice,4/27/1956,female,PE
2501,Leonor,4/29/1996,female,PA
2502,Amanda,8/9/1976,female,RJ
2503,Vitor,6/20/1986,male,CE
2504,André,4/5/1957,male,PE
2505,Amanda,12/4/1935,female,DF
2506,Gabrielle,1/7/1939,female,RS
2507,Miguel,6/4/1990,male,RJ
2508,Rebeca,11/15/1978,female,PE
2509,Manuela,7/25/1956,female,RS
2510,Ryan,7/10/1979,male,RN
2511,Raissa,4/28/1995,female,AC
2512,Leila,1/18/1945,female,MG
2513,Ryan,6/26/1958,male,CE
2514,Julia,11/2/1988,female,SC
2515,Maria,7/14/1957,female,SP
2516,Nicole,9/10/1986,female,SP
2517,Mateus,1/12/1992,male,SP
2518,Vitória,10/15/1973,female,SP
2519,Tiago,1/9/1996,male,RJ
2520,Lara,2/23/1996,female,RJ
2521,Caio,6/10/1943,male,AM
2522,Lara,11/16/1963,female,SP
2523,Matheus,8/24/1964,male,SP
2524,Douglas,4/22/1981,male,ES
2525,Caio,3/11/1970,male,SP
2526,Brenda,7/23/1990,female,PR
2527,Evelyn,1/29/1981,female,MG
2528,Estevan,6/8/1946,male,PE
2529,Mateus,3/6/1947,male,RS
2530,Luis,9/3/1947,male,SP
2531,Guilherme,3/24/1956,male,SP
2532,Diego,9/15/1971,male,DF
2533,Ryan,6/1/1966,male,SP
2534,Gustavo,12/18/1933,male,MG
2535,Tiago,7/18/1993,male,SP
2536,Anna,9/5/1940,female,AM
2537,Yasmin,10/18/1994,female,PE
2538,Thiago,9/13/1963,male,RO
2539,Sarah,2/3/1942,female,SP
2540,Isabela,8/3/1934,female,RJ
2541,Nicolash,4/4/1986,male,PR
2542,Caio,6/20/1979,male,PE
2543,Marcos,10/15/1946,male,AM
2544,Eduarda,2/6/1993,female,ES
2545,Gustavo,10/12/1994,male,TO
2546,Luan,5/11/1944,male,SP
2547,Daniel,7/3/1998,male,RS
2548,Kauan,3/21/1983,male,TO
2549,Marcos,7/3/1970,male,AL
2550,Tomás,1/2/1953,male,SP
2551,Emilly,5/27/1977,female,DF
2552,Evelyn,2/23/1950,female,MG
2553,José,12/7/1970,male,RJ
2554,Aline,3/12/1948,female,SP
2555,Igor,9/7/1997,male,MG
2556,Kauan,8/19/1952,male,RJ
2557,Thaís,7/15/1988,female,RS
2558,Victor,5/20/1976,male,SP
2559,Davi,5/16/1999,male,PA
2560,Gabriel,6/21/1982,male,PR
2561,Laura,9/8/1969,female,SP
2562,Larissa,3/9/1993,female,DF
2563,Camila,10/27/1946,female,SP
2564,Vitória,2/19/1984,female,TO
2565,Nicolash,3/3/1977,male,SC
2566,Rebeca,9/2/1976,female,PR
2567,Pedro,5/8/1953,male,SP
2568,Alex,12/22/1934,male,SC
2569,Vitória,8/3/1947,female,MA
2570,Luiz,2/17/1956,male,AM
2571,Luan,1/19/1987,male,RS
2572,Gabrielly,3/5/1945,female,TO
2573,Luis,11/3/1951,male,RJ
2574,Evelyn,2/8/1967,female,SP
2575,Otávio,1/18/1985,male,SP
2576,Ágatha,12/30/1975,female,RJ
2577,Júlio,12/27/1938,male,DF
2578,Aline,3/3/1991,female,SP
2579,Raissa,9/15/1984,female,RS
2580,Rafael,6/18/1938,male,PA
2581,Tiago,4/14/1966,male,RJ
2582,Livia,6/22/1975,female,SP
2583,Carolina,2/23/1947,female,PR
2584,Lavinia,10/8/1993,female,PR
2585,José,2/15/2000,male,RJ
2586,Luan,4/14/1967,male,SP
2587,Daniel,11/30/1987,male,RJ
2588,Paulo,2/14/1950,male,MG
2589,Camila,11/8/1963,female,SP
2590,Emily,2/21/1975,female,MG
2591,Erick,11/12/1986,male,SP
2592,Rebeca,6/28/1950,female,SP
2593,Maria,10/7/1948,female,BA
2594,Tomás,8/23/1954,male,SP
2595,Aline,5/29/1945,female,SP
2596,Luís,3/12/1948,male,SP
2597,Vitór,3/7/1950,male,MG
2598,Clara,6/13/1956,female,RO
2599,Marcos,4/8/1978,male,RJ
2600,Camila,1/24/1996,female,BA
2601,Douglas,7/29/1958,male,SP
2602,Luís,2/29/1960,male,PE
2603,Mariana,2/26/1961,female,ES
2604,Erick,6/24/1989,male,SE
2605,Sophia,7/20/1941,female,DF
2606,Letícia,9/27/1982,female,RJ
2607,Bruno,6/26/1987,male,PR
2608,Matheus,5/7/1956,male,SP
2609,Igor,2/28/1956,male,MA
2610,Luiz,3/21/1961,male,SP
2611,Larissa,10/15/1984,female,SC
2612,Vitoria,10/5/1963,female,PA
2613,Caio,3/26/1963,male,MG
2614,Felipe,3/14/1951,male,MG
2615,Estevan,7/9/1963,male,SP
2616,Marcos,8/9/1978,male,ES
2617,Pedro,4/18/1958,male,RJ
2618,Guilherme,6/12/1975,male,SP
2619,Thaís,2/12/1962,female,MT
2620,Antônio,4/16/2000,male,SP
2621,Guilherme,3/12/1948,male,SP
2622,Kauê,2/8/1973,male,RS
2623,Otávio,10/17/1997,male,SP
2624,Kauã,5/27/1945,male,SC
2625,Nicolas,7/31/1967,male,SP
2626,Luan,12/26/1955,male,SP
2627,Vitór,4/30/1960,male,PR
2628,Alex,3/31/1987,male,RS
2629,Alice,9/19/1951,female,PI
2630,Melissa,7/25/1957,female,SP
2631,Beatrice,9/26/1956,female,AL
2632,Arthur,1/1/1992,male,DF
2633,Camila,1/22/1944,female,RS
2634,Letícia,9/5/1963,female,SP
2635,Carla,5/1/1976,female,GO
2636,Bianca,5/15/1957,female,PR
2637,Julian,2/13/1979,male,PR
2638,Clara,11/17/1986,female,MG
2639,Laura,1/17/1989,female,ES
2640,Camila,6/4/1950,female,AM
2641,Giovanna,4/17/1991,female,RJ
2642,Renan,6/6/1961,male,SP
2643,Alex,3/4/1991,male,RJ
2644,Murilo,9/12/1940,male,PE
2645,Laura,1/26/1978,female,SP
2646,Rafaela,5/5/1961,female,PR
2647,Rafaela,1/1/1948,female,SP
2648,Bianca,6/17/1938,female,RS
2649,Kaua,3/3/1983,male,SP
2650,Sofia,4/21/1962,female,SP
2651,Bruno,4/11/1975,male,PA
2652,Anna,5/29/1961,female,RJ
2653,Thiago,1/25/1945,male,PR
2654,Isabella,9/13/1967,female,SP
2655,Otávio,6/26/1973,male,SP
2656,Isabela,12/27/1996,female,SP
2657,Nicolash,5/23/1979,male,SE
2658,Renan,3/13/1958,male,ES
2659,Tiago,5/15/1961,male,SP
2660,Davi,8/6/1964,male,PR
2661,Thaís,4/30/1992,female,SP
2662,Vitór,4/9/1977,male,SP
2663,Rodrigo,3/20/1992,male,SP
2664,Julieta,1/11/1988,female,SP
2665,Thiago,7/5/1963,male,AM
2666,Alice,4/16/1944,female,SP
2667,Gabriela,10/9/1936,female,SP
2668,Igor,8/7/1957,male,PR
2669,Luís,5/20/1942,male,RS
2670,Antônio,7/2/1933,male,DF
2671,Larissa,5/18/1989,female,SP
2672,Júlio,2/5/1998,male,SP
2673,Murilo,12/11/1959,male,RJ
2674,Tomás,12/27/1949,male,PA
2675,Maria,7/28/1985,female,RJ
2676,Raissa,8/11/1955,female,SP
2677,Thaís,7/20/1938,female,PA
2678,Marcos,3/20/1963,male,MG
2679,Gabrielle,8/3/1942,female,SP
2680,Murilo,7/29/1967,male,TO
2681,Ana,1/15/1957,female,SP
2682,Alice,8/10/1992,female,MG
2683,Estevan,6/8/1989,male,SP
2684,Livia,6/14/1952,female,GO
2685,Kaua,2/1/1957,male,PR
2686,Vitoria,6/15/1983,female,GO
2687,Danilo,5/5/1979,male,GO
2688,Vinícius,1/9/1943,male,MG
2689,Luis,7/5/1961,male,SP
2690,Emily,4/30/1968,female,MG
2691,Leila,12/22/1984,female,GO
2692,Joao,3/19/1994,male,BA
2693,Fábio,12/5/1973,male,DF
2694,Guilherme,4/21/1937,male,GO
2695,Rebeca,11/26/1933,female,SP
2696,Lavinia,12/31/1978,female,SP
2697,Anna,5/31/1941,female,MG
2698,Martim,5/27/1969,male,SP
2699,Caio,10/13/1992,male,GO
2700,Sophia,4/28/1938,female,RJ
2701,Julian,1/17/1960,male,CE
2702,Mariana,10/12/1988,female,PA
2703,Beatriz,8/6/1974,female,ES
2704,Laura,2/28/1973,female,SP
2705,Rafaela,4/13/1941,female,PR
2706,Mateus,3/16/1981,male,SP
2707,Paulo,10/2/1986,male,GO
2708,Sophia,5/28/1943,female,CE
2709,Manuela,6/26/1952,female,GO
2710,Evelyn,8/25/1942,female,RS
2711,Pedro,11/12/1949,male,PE
2712,Eduarda,3/3/1991,female,SP
2713,Diego,4/17/1990,male,PR
2714,Julia,12/15/1993,female,CE
2715,Vitór,10/5/1961,male,GO
2716,Beatrice,12/17/1959,female,SP
2717,Murilo,11/29/1961,male,RS
2718,Vinicius,10/19/1996,male,RS
2719,Amanda,12/14/1953,female,MG
2720,Sarah,5/17/1984,female,PE
2721,José,10/12/1949,male,MS
2722,Luana,2/15/1960,female,PE
2723,Livia,11/12/1985,female,MG
2724,Matheus,2/9/1992,male,GO
2725,Victor,1/16/1968,male,SP
2726,Julian,10/17/1935,male,MG
2727,Felipe,4/7/1956,male,SP
2728,Caio,4/24/1936,male,GO
2729,Leonor,8/5/1987,female,RJ
2730,Luiz,5/9/1959,male,MS
2731,Kai,11/25/1955,male,AL
2732,Raissa,1/20/1944,female,ES
2733,Rafaela,8/14/1944,female,SP
2734,Leonor,7/5/1972,female,DF
2735,Tomás,11/24/1943,male,MG
2736,José,8/11/1980,male,PI
2737,Giovanna,6/11/1969,female,MG
2738,Luiz,11/4/1934,male,SP
2739,Evelyn,9/28/1964,female,PE
2740,Thiago,7/22/1958,male,PE
2741,Evelyn,4/11/1967,female,RJ
2742,Sophia,4/26/1988,female,RJ
2743,Vitória,10/13/1958,female,PR
2744,Leonor,5/3/1972,female,ES
2745,Sofia,2/20/1967,female,PA
2746,Vinícius,1/22/1949,male,PE
2747,Ágatha,5/11/1956,female,MT
2748,Isabelle,1/9/1998,female,RJ
2749,Luis,9/19/1968,male,DF
2750,Melissa,10/15/1974,female,RN
2751,Vitór,4/24/1956,male,MG
2752,Emily,6/18/1936,female,SP
2753,Nicole,3/15/1991,female,SP
2754,Sophia,3/8/1999,female,MG
2755,Julieta,11/1/1943,female,SP
2756,Gabriel,11/20/1997,male,SP
2757,Brenda,2/3/1943,female,SP
2758,Felipe,8/31/1949,male,PE
2759,Evelyn,8/14/1975,female,PR
2760,Eduardo,6/13/1957,male,SP
2761,Carlos,9/29/1968,male,MS
2762,Beatrice,4/7/1949,female,SP
2763,Giovana,8/23/1948,female,PA
2764,Yasmin,5/25/1992,female,PR
2765,Ryan,8/16/1956,male,SC
2766,Aline,1/24/1997,female,SP
2767,Vitor,3/10/1979,male,SP
2768,Pedro,9/14/1988,male,MG
2769,Vitória,3/9/1941,female,RS
2770,Rafaela,6/25/1967,female,SP
2771,Arthur,10/11/1979,male,SP
2772,Carolina,3/22/1961,female,PR
2773,Carlos,7/14/1954,male,GO
2774,Renan,3/9/1937,male,PR
2775,Antônio,9/25/1963,male,RJ
2776,Melissa,5/16/1971,female,RN
2777,Marcos,1/19/1951,male,PA
2778,Gabriel,10/24/1953,male,PB
2779,Samuel,4/28/1956,male,SP
2780,Cauã,5/12/1947,male,MG
2781,Nicolas,7/31/1954,male,BA
2782,Danilo,12/13/1981,male,GO
2783,Lucas,8/14/1973,male,SP
2784,Camila,10/21/1993,female,PR
2785,Tiago,8/2/1946,male,MG
2786,Kaua,4/15/1990,male,PR
2787,Gabriela,10/13/1981,female,SP
2788,Marcos,9/1/1977,male,SP
2789,Lavinia,4/10/1947,female,SP
2790,Rodrigo,3/31/1988,male,MG
2791,Tomás,4/4/1996,male,PE
2792,Bruna,8/31/1968,female,SP
2793,Carolina,10/3/1983,female,SP
2794,Clara,3/5/1999,female,SP
2795,Yasmin,3/25/1999,female,PR
2796,Kaua,10/4/1936,male,SP
2797,Matilde,11/10/1953,female,CE
2798,Pedro,3/15/1952,male,ES
2799,Rafael,3/25/1944,male,ES
2800,Carolina,11/10/1936,female,RJ
2801,Camila,1/2/1987,female,SP
2802,Renan,3/6/1958,male,BA
2803,Mariana,6/28/1983,female,DF
2804,Carolina,5/9/1983,female,GO
2805,Martim,5/15/1939,male,RJ
2806,Vitor,6/19/1976,male,RJ
2807,Alice,1/26/1958,female,MG
2808,Arthur,8/2/1957,male,SP
2809,Luis,11/29/1937,male,RJ
2810,Fernanda,5/27/1980,female,SP
2811,Nicole,12/12/1980,female,SP
2812,Rebeca,5/30/1937,female,SP
2813,Caio,3/25/1963,male,SP
2814,Rodrigo,12/15/1940,male,MG
2815,Luana,5/1/1995,female,RS
2816,Gabrielly,1/31/1956,female,PR
2817,Daniel,11/21/1975,male,SP
2818,Leila,10/4/1999,female,SP
2819,Miguel,2/17/1953,male,SP
2820,Ágatha,2/13/1974,female,SP
2821,Nicole,3/19/1963,female,SP
2822,Danilo,6/6/1965,male,SP
2823,Paulo,10/7/1998,male,DF
2824,Danilo,8/24/1988,male,PR
2825,Giovanna,1/5/1974,female,SP
2826,Fernanda,2/14/1937,female,GO
2827,Kauan,3/28/1942,male,RS
2828,Kauê,10/1/1993,male,SP
2829,Matilde,12/11/1976,female,RS
2830,Victor,4/15/1935,male,PR
2831,Diego,7/21/1956,male,SP
2832,Nicole,3/11/1995,female,SP
2833,Luís,12/22/1934,male,PR
2834,Vitoria,8/28/1983,female,AL
2835,Kauã,12/20/1977,male,MG
2836,Lavinia,2/27/1949,female,SC
2837,Eduarda,12/13/1981,female,RJ
2838,Emily,1/2/1991,female,BA
2839,Laura,12/26/1985,female,SP
2840,Davi,1/16/1945,male,BA
2841,Júlia,4/3/1996,female,SC
2842,Thaís,12/29/1998,female,DF
2843,Tomás,2/15/1996,male,RJ
2844,Eduarda,9/5/1987,female,PE
2845,Luis,8/18/1967,male,PR
2846,Carla,9/21/1986,female,SP
2847,Lara,3/15/1958,female,PB
2848,Lara,6/24/1960,female,PR
2849,Eduardo,12/19/1955,male,PR
2850,Vitoria,5/13/1940,female,SP
2851,Julian,9/28/1959,male,DF
2852,Estevan,3/6/1990,male,SC
2853,Larissa,8/23/1935,female,CE
2854,Davi,11/26/1944,male,RN
2855,Rodrigo,12/31/1999,male,DF
2856,Giovana,10/30/1989,female,MS
2857,Murilo,9/5/1981,male,RS
2858,Raissa,6/9/1989,female,SC
2859,Bruna,11/18/1958,female,SP
2860,Luis,5/13/1997,male,PE
2861,Evelyn,1/1/1963,female,CE
2862,Júlio,8/21/1969,male,MG
2863,Vinicius,12/22/1951,male,PR
2864,Kauan,6/1/1954,male,ES
2865,Arthur,8/31/1953,male,RJ
2866,Júlio,11/27/1949,male,SC
2867,Mariana,9/21/1984,female,SP
2868,Bianca,12/24/1961,female,SP
2869,Tiago,6/11/1977,male,SP
2870,Antônio,4/8/1965,male,PR
2871,Maria,11/20/1958,female,PR
2872,Ryan,1/22/1957,male,SC
2873,Emily,10/10/1982,female,SP
2874,Isabelle,6/16/1960,female,RJ
2875,Gabriel,3/2/1977,male,SP
2876,Camila,10/11/1944,female,RJ
2877,Martim,10/2/1933,male,AM
2878,Vitór,3/2/1988,male,CE
2879,Vitór,4/13/1962,male,SP
2880,Júlio,10/18/1969,male,GO
2881,Amanda,1/5/1961,female,SP
2882,Davi,9/6/1937,male,RJ
2883,Sophia,7/23/1934,female,SP
2884,André,3/3/1963,male,SE
2885,Camila,9/21/1974,female,PB
2886,Rodrigo,3/6/1991,male,SP
2887,Ágatha,1/5/1962,female,PR
2888,Matilde,10/2/1936,female,SP
2889,Kauê,6/1/1991,male,RJ
2890,Raissa,12/30/1974,female,PR
2891,Evelyn,7/16/1952,female,RS
2892,Enzo,12/16/1998,male,SP
2893,Kauan,7/15/1958,male,SC
2894,Laura,4/18/1989,female,MG
2895,Camila,9/24/1953,female,SP
2896,Luana,10/20/1954,female,DF
2897,Sophia,1/11/1953,female,PA
2898,Aline,10/25/1945,female,MG
2899,Beatriz,8/3/1958,female,PR
2900,Kai,2/1/1958,male,SP
2901,Alice,12/21/1936,female,AL
2902,Bruno,10/26/1956,male,SP
2903,Isabelle,12/24/1991,female,ES
2904,Sofia,8/13/1952,female,PE
2905,Fernanda,5/3/1985,female,ES
2906,Tânia,8/8/1984,female,SP
2907,Vinícius,6/11/1955,male,AM
2908,Gabriel,11/10/1970,male,MG
2909,Camila,11/22/1950,female,SP
2910,Julian,5/16/1955,male,DF
2911,Otávio,3/1/1949,male,SP
2912,Eduarda,7/21/1970,female,AM
2913,Laura,12/16/1947,female,CE
2914,Rafael,12/1/1966,male,SP
2915,Ryan,7/13/1964,male,RO
2916,Marina,2/27/1934,female,CE
2917,Vitória,10/18/1960,female,TO
2918,Otávio,6/7/1989,male,MG
2919,Vitor,12/6/1978,male,RJ
2920,Júlio,9/7/1983,male,SP
2921,Sophia,10/15/1933,female,MG
2922,Leonardo,10/21/1963,male,SP
2923,Lara,3/8/1991,female,SP
2924,Carolina,7/17/1983,female,RJ
2925,Emily,8/11/1975,female,ES
2926,Ana,4/9/1969,female,PE
2927,Gustavo,8/8/1959,male,SP
2928,Júlia,6/25/1990,female,SP
2929,Marcos,7/23/1937,male,SP
2930,Maria,12/26/1962,female,RJ
2931,Livia,2/6/1962,female,MS
2932,Evelyn,11/26/1965,female,RJ
2933,Carolina,7/22/1988,female,SP
2934,Paulo,5/18/1970,male,PR
2935,Miguel,9/10/1965,male,MG
2936,Isabella,9/24/1943,female,ES
2937,Carla,11/6/1959,female,MG
2938,Lara,7/2/1995,female,MG
2939,Eduardo,7/16/1940,male,RS
2940,Kaua,5/22/1941,male,RN
2941,Kauã,5/26/1935,male,MG
2942,Júlia,4/6/1965,female,PE
2943,Alice,7/29/1980,female,SP
2944,Davi,6/28/1983,male,BA
2945,Marcos,1/2/1974,male,PR
2946,Sarah,10/17/1983,female,SP
2947,Ana,9/3/1933,female,SP
2948,Matheus,9/26/1986,male,ES
2949,Kauê,2/19/1944,male,PR
2950,Paulo,10/8/1948,male,RS
2951,Lavinia,6/4/1935,female,SP
2952,Gabriel,3/2/1971,male,SP
2953,Sofia,12/26/1967,female,SP
2954,Vitória,8/12/1956,female,SP
2955,Giovanna,2/11/1954,female,AP
2956,Julia,2/6/1987,female,MG
2957,Amanda,11/15/1934,female,PE
2958,Otávio,9/14/1967,male,SP
2959,Kauã,2/21/1967,male,RS
2960,Sofia,4/3/1937,female,RJ
2961,Rafaela,3/10/1943,female,SP
2962,Rafaela,11/4/1939,female,SP
2963,Emilly,1/2/1942,female,SP
2964,Júlio,6/14/1944,male,SP
2965,Bruna,1/16/1939,female,SP
2966,Guilherme,5/24/1941,male,MG
2967,Victor,4/29/1937,male,MG
2968,Camila,5/14/1967,female,RJ
2969,Gabrielle,10/24/1969,female,MG
2970,Matheus,7/26/1943,male,SP
2971,Guilherme,8/5/1936,male,RS
2972,Alice,11/20/1997,female,PE
2973,Antônio,5/23/1954,male,MT
2974,João,4/11/1955,male,SC
2975,Maria,10/27/1941,female,PR
2976,André,9/3/1945,male,SC
2977,Camila,2/19/1968,female,SP
2978,Estevan,10/29/1964,male,SP
2979,Gabriela,8/21/1983,female,RR
2980,Vitor,9/8/1977,male,RJ
2981,Alex,12/28/1954,male,SP
2982,Bianca,4/9/1984,female,MG
2983,Melissa,1/2/1949,female,MG
2984,Laura,5/4/1936,female,SP
2985,Raissa,10/11/1969,female,RS
2986,Vitór,4/3/1950,male,BA
2987,Carla,4/12/1980,female,BA
2988,Vinícius,6/5/1982,male,SP
2989,Matheus,11/5/1977,male,ES
2990,Isabela,4/23/1994,female,SC
2991,Sofia,6/15/1935,female,MA
2992,Marcos,3/27/1938,male,CE
2993,Bruno,4/15/1947,male,PR
2994,Alex,7/23/1973,male,GO
2995,Igor,5/13/1934,male,PR
2996,Mariana,8/27/1959,female,SP
2997,Vitór,12/19/1991,male,SP
2998,Rafael,5/2/1952,male,MS
2999,Luana,4/9/1965,female,SP
3000,Manuela,5/13/1955,female,RJ
